run,seed,gen,evals,hv,front_size
0,3000,0,100,0.604495,1
0,3000,2,300,0.701184,1
0,3000,4,500,0.715365,1
0,3000,6,700,0.723712,1
0,3000,8,900,0.734016,1
0,3000,10,1100,0.74002,1
0,3000,12,1300,0.75217,1
0,3000,14,1500,0.756361,1
0,3000,16,1700,0.763593,1
0,3000,18,1900,0.780462,1
0,3000,20,2100,0.788197,1
0,3000,22,2300,0.790109,4
0,3000,24,2500,0.800139,2
0,3000,26,2700,0.811248,2
0,3000,28,2900,0.822586,2
0,3000,30,3100,0.827641,2
0,3000,32,3300,0.833401,3
0,3000,34,3500,0.84838,1
0,3000,36,3700,0.853426,2
0,3000,38,3900,0.864501,1
0,3000,40,4100,0.868177,2
0,3000,42,4300,0.878721,1
0,3000,44,4500,0.886782,1
0,3000,46,4700,0.894419,1
0,3000,48,4900,0.901145,1
0,3000,50,5100,0.907637,3
0,3000,52,5300,0.917631,2
0,3000,54,5500,0.932098,1
0,3000,56,5700,0.944054,1
0,3000,58,5900,0.946313,1
0,3000,60,6100,0.954732,1
0,3000,62,6300,0.961307,1
0,3000,64,6500,0.97341,2
0,3000,66,6700,0.977945,1
0,3000,68,6900,0.992303,1
0,3000,70,7100,0.99337,2
0,3000,72,7300,1.00113,3
0,3000,74,7500,1.00593,6
0,3000,76,7700,1.01123,11
0,3000,78,7900,1.01849,17
0,3000,80,8100,1.02356,20
0,3000,82,8300,1.03828,42
0,3000,84,8500,1.04067,40
0,3000,86,8700,1.04334,88
0,3000,88,8900,1.04897,100
0,3000,90,9100,1.05109,100
0,3000,92,9300,1.05634,100
0,3000,94,9500,1.06448,100
0,3000,96,9700,1.06681,100
0,3000,98,9900,1.07738,100
0,3000,100,10100,1.08284,100
0,3000,102,10300,1.0847,100
0,3000,104,10500,1.08984,100
0,3000,106,10700,1.09197,100
0,3000,108,10900,1.09939,100
0,3000,110,11100,1.10634,100
0,3000,112,11300,1.10862,100
0,3000,114,11500,1.1111,100
0,3000,116,11700,1.11348,100
0,3000,118,11900,1.11536,100
0,3000,120,12100,1.1207,100
0,3000,122,12300,1.12241,100
0,3000,124,12500,1.12515,100
0,3000,126,12700,1.12607,100
0,3000,128,12900,1.12727,100
0,3000,130,13100,1.12968,100
0,3000,132,13300,1.1316,100
0,3000,134,13500,1.13533,100
0,3000,136,13700,1.13687,100
0,3000,138,13900,1.14424,100
0,3000,140,14100,1.14642,100
0,3000,142,14300,1.1481,100
0,3000,144,14500,1.15025,100
0,3000,146,14700,1.15065,100
0,3000,148,14900,1.15137,100
0,3000,150,15100,1.15217,100
0,3000,152,15300,1.1537,100
0,3000,154,15500,1.15402,100
0,3000,156,15700,1.15449,100
0,3000,158,15900,1.15585,100
0,3000,160,16100,1.15799,100
0,3000,162,16300,1.15891,100
0,3000,164,16500,1.16074,100
0,3000,166,16700,1.16402,100
0,3000,168,16900,1.1644,100
0,3000,170,17100,1.16873,100
0,3000,172,17300,1.16885,100
0,3000,174,17500,1.17121,100
0,3000,176,17700,1.17204,100
0,3000,178,17900,1.17332,100
0,3000,180,18100,1.17695,100
0,3000,182,18300,1.1774,100
0,3000,184,18500,1.1781,100
0,3000,186,18700,1.17919,100
0,3000,188,18900,1.1801,100
0,3000,190,19100,1.18184,100
0,3000,192,19300,1.18362,100
0,3000,194,19500,1.18604,100
0,3000,196,19700,1.19017,100
0,3000,198,19900,1.19133,100
0,3000,199,20000,1.19131,100
1,3001,0,100,0.365234,1
1,3001,2,300,0.672927,1
1,3001,4,500,0.681231,1
1,3001,6,700,0.691099,1
1,3001,8,900,0.696699,1
1,3001,10,1100,0.707664,1
1,3001,12,1300,0.72377,1
1,3001,14,1500,0.727705,1
1,3001,16,1700,0.732498,3
1,3001,18,1900,0.751028,1
1,3001,20,2100,0.756644,1
1,3001,22,2300,0.767644,1
1,3001,24,2500,0.772532,1
1,3001,26,2700,0.781954,1
1,3001,28,2900,0.802428,1
1,3001,30,3100,0.811165,1
1,3001,32,3300,0.818228,1
1,3001,34,3500,0.824456,1
1,3001,36,3700,0.843957,1
1,3001,38,3900,0.854052,1
1,3001,40,4100,0.862979,1
1,3001,42,4300,0.873731,1
1,3001,44,4500,0.887033,1
1,3001,46,4700,0.887941,2
1,3001,48,4900,0.900377,1
1,3001,50,5100,0.906388,4
1,3001,52,5300,0.910632,2
1,3001,54,5500,0.92259,1
1,3001,56,5700,0.929612,3
1,3001,58,5900,0.948206,2
1,3001,60,6100,0.953171,3
1,3001,62,6300,0.95666,5
1,3001,64,6500,0.968392,1
1,3001,66,6700,0.971228,5
1,3001,68,6900,0.975415,2
1,3001,70,7100,0.98314,4
1,3001,72,7300,0.989247,8
1,3001,74,7500,0.994256,5
1,3001,76,7700,1.00233,5
1,3001,78,7900,1.01169,10
1,3001,80,8100,1.02062,8
1,3001,82,8300,1.02648,15
1,3001,84,8500,1.02896,34
1,3001,86,8700,1.03398,64
1,3001,88,8900,1.04152,100
1,3001,90,9100,1.05211,100
1,3001,92,9300,1.05406,100
1,3001,94,9500,1.06195,100
1,3001,96,9700,1.07484,100
1,3001,98,9900,1.07942,100
1,3001,100,10100,1.0826,100
1,3001,102,10300,1.085,100
1,3001,104,10500,1.09266,100
1,3001,106,10700,1.09523,100
1,3001,108,10900,1.09841,100
1,3001,110,11100,1.10773,100
1,3001,112,11300,1.11142,100
1,3001,114,11500,1.11519,100
1,3001,116,11700,1.11985,100
1,3001,118,11900,1.12277,100
1,3001,120,12100,1.13434,100
1,3001,122,12300,1.1358,100
1,3001,124,12500,1.13747,100
1,3001,126,12700,1.14461,100
1,3001,128,12900,1.14571,100
1,3001,130,13100,1.15371,100
1,3001,132,13300,1.15409,100
1,3001,134,13500,1.15434,100
1,3001,136,13700,1.15597,100
1,3001,138,13900,1.15917,100
1,3001,140,14100,1.16041,100
1,3001,142,14300,1.16262,100
1,3001,144,14500,1.16356,100
1,3001,146,14700,1.16446,100
1,3001,148,14900,1.16558,100
1,3001,150,15100,1.17079,100
1,3001,152,15300,1.17591,100
1,3001,154,15500,1.17806,100
1,3001,156,15700,1.17817,100
1,3001,158,15900,1.17944,100
1,3001,160,16100,1.1818,100
1,3001,162,16300,1.18261,100
1,3001,164,16500,1.18525,100
1,3001,166,16700,1.18758,100
1,3001,168,16900,1.18773,100
1,3001,170,17100,1.19143,100
1,3001,172,17300,1.19205,100
1,3001,174,17500,1.19209,100
1,3001,176,17700,1.19228,100
1,3001,178,17900,1.19442,100
1,3001,180,18100,1.19672,100
1,3001,182,18300,1.19687,100
1,3001,184,18500,1.19714,100
1,3001,186,18700,1.19789,100
1,3001,188,18900,1.19886,100
1,3001,190,19100,1.19906,100
1,3001,192,19300,1.20168,100
1,3001,194,19500,1.20142,100
1,3001,196,19700,1.20129,100
1,3001,198,19900,1.2017,100
1,3001,199,20000,1.20199,100
2,3002,0,100,0.531379,1
2,3002,2,300,0.689709,1
2,3002,4,500,0.694684,2
2,3002,6,700,0.699559,1
2,3002,8,900,0.711139,1
2,3002,10,1100,0.721491,2
2,3002,12,1300,0.738401,1
2,3002,14,1500,0.744761,2
2,3002,16,1700,0.752576,1
2,3002,18,1900,0.75957,1
2,3002,20,2100,0.766378,1
2,3002,22,2300,0.776701,1
2,3002,24,2500,0.796061,1
2,3002,26,2700,0.799984,1
2,3002,28,2900,0.812839,1
2,3002,30,3100,0.822024,1
2,3002,32,3300,0.824896,2
2,3002,34,3500,0.833708,1
2,3002,36,3700,0.845295,1
2,3002,38,3900,0.856055,1
2,3002,40,4100,0.863816,3
2,3002,42,4300,0.875761,1
2,3002,44,4500,0.890167,1
2,3002,46,4700,0.899936,1
2,3002,48,4900,0.910405,2
2,3002,50,5100,0.920604,4
2,3002,52,5300,0.925918,6
2,3002,54,5500,0.935564,4
2,3002,56,5700,0.945003,4
2,3002,58,5900,0.952369,17
2,3002,60,6100,0.958524,15
2,3002,62,6300,0.97765,23
2,3002,64,6500,0.985962,30
2,3002,66,6700,0.99866,45
2,3002,68,6900,1.01104,35
2,3002,70,7100,1.01986,30
2,3002,72,7300,1.02632,43
2,3002,74,7500,1.03291,66
2,3002,76,7700,1.03969,72
2,3002,78,7900,1.04272,84
2,3002,80,8100,1.04394,89
2,3002,82,8300,1.0477,99
2,3002,84,8500,1.05017,100
2,3002,86,8700,1.05703,100
2,3002,88,8900,1.06199,100
2,3002,90,9100,1.07018,100
2,3002,92,9300,1.07501,100
2,3002,94,9500,1.08032,100
2,3002,96,9700,1.08373,100
2,3002,98,9900,1.08863,100
2,3002,100,10100,1.08879,100
2,3002,102,10300,1.09432,100
2,3002,104,10500,1.09629,100
2,3002,106,10700,1.09993,100
2,3002,108,10900,1.10343,100
2,3002,110,11100,1.10928,100
2,3002,112,11300,1.11052,100
2,3002,114,11500,1.11185,100
2,3002,116,11700,1.11652,100
2,3002,118,11900,1.11993,100
2,3002,120,12100,1.12006,100
2,3002,122,12300,1.12133,100
2,3002,124,12500,1.12528,100
2,3002,126,12700,1.1265,100
2,3002,128,12900,1.12685,100
2,3002,130,13100,1.12694,100
2,3002,132,13300,1.12971,100
2,3002,134,13500,1.13082,100
2,3002,136,13700,1.1322,100
2,3002,138,13900,1.13255,100
2,3002,140,14100,1.13494,100
2,3002,142,14300,1.13958,100
2,3002,144,14500,1.14198,100
2,3002,146,14700,1.14301,100
2,3002,148,14900,1.15257,100
2,3002,150,15100,1.1575,100
2,3002,152,15300,1.15837,100
2,3002,154,15500,1.16011,100
2,3002,156,15700,1.16245,100
2,3002,158,15900,1.17621,100
2,3002,160,16100,1.17663,100
2,3002,162,16300,1.17676,100
2,3002,164,16500,1.17778,100
2,3002,166,16700,1.17965,100
2,3002,168,16900,1.18071,100
2,3002,170,17100,1.18079,100
2,3002,172,17300,1.18112,100
2,3002,174,17500,1.18293,100
2,3002,176,17700,1.18386,100
2,3002,178,17900,1.18467,100
2,3002,180,18100,1.18776,100
2,3002,182,18300,1.18878,100
2,3002,184,18500,1.19055,100
2,3002,186,18700,1.19157,100
2,3002,188,18900,1.193,100
2,3002,190,19100,1.19375,100
2,3002,192,19300,1.19418,100
2,3002,194,19500,1.19516,100
2,3002,196,19700,1.19603,100
2,3002,198,19900,1.19625,100
2,3002,199,20000,1.19636,100
3,3003,0,100,0.37299,1
3,3003,2,300,0.676214,2
3,3003,4,500,0.68761,1
3,3003,6,700,0.696428,1
3,3003,8,900,0.703161,1
3,3003,10,1100,0.71088,2
3,3003,12,1300,0.72166,2
3,3003,14,1500,0.73697,2
3,3003,16,1700,0.750587,1
3,3003,18,1900,0.763419,1
3,3003,20,2100,0.775139,1
3,3003,22,2300,0.780715,1
3,3003,24,2500,0.80179,1
3,3003,26,2700,0.804269,1
3,3003,28,2900,0.81336,1
3,3003,30,3100,0.823007,1
3,3003,32,3300,0.828752,2
3,3003,34,3500,0.846501,1
3,3003,36,3700,0.850355,1
3,3003,38,3900,0.863254,2
3,3003,40,4100,0.870761,1
3,3003,42,4300,0.881492,1
3,3003,44,4500,0.895046,3
3,3003,46,4700,0.897965,6
3,3003,48,4900,0.913818,7
3,3003,50,5100,0.919978,11
3,3003,52,5300,0.927998,19
3,3003,54,5500,0.937529,15
3,3003,56,5700,0.951126,16
3,3003,58,5900,0.959507,19
3,3003,60,6100,0.974048,11
3,3003,62,6300,0.977696,16
3,3003,64,6500,0.98235,34
3,3003,66,6700,0.989261,30
3,3003,68,6900,0.999762,31
3,3003,70,7100,1.0034,47
3,3003,72,7300,1.01204,23
3,3003,74,7500,1.02024,51
3,3003,76,7700,1.02134,41
3,3003,78,7900,1.02862,48
3,3003,80,8100,1.04024,48
3,3003,82,8300,1.04757,73
3,3003,84,8500,1.05165,100
3,3003,86,8700,1.05847,100
3,3003,88,8900,1.0636,100
3,3003,90,9100,1.06771,100
3,3003,92,9300,1.07046,100
3,3003,94,9500,1.0828,100
3,3003,96,9700,1.08792,100
3,3003,98,9900,1.09304,100
3,3003,100,10100,1.09624,100
3,3003,102,10300,1.09674,100
3,3003,104,10500,1.10023,100
3,3003,106,10700,1.10221,100
3,3003,108,10900,1.10607,100
3,3003,110,11100,1.11019,100
3,3003,112,11300,1.11453,100
3,3003,114,11500,1.11718,100
3,3003,116,11700,1.12018,100
3,3003,118,11900,1.12135,100
3,3003,120,12100,1.12627,100
3,3003,122,12300,1.12661,100
3,3003,124,12500,1.12879,100
3,3003,126,12700,1.13035,100
3,3003,128,12900,1.13091,100
3,3003,130,13100,1.13234,100
3,3003,132,13300,1.13796,100
3,3003,134,13500,1.14227,100
3,3003,136,13700,1.14332,100
3,3003,138,13900,1.14696,100
3,3003,140,14100,1.14818,100
3,3003,142,14300,1.15297,100
3,3003,144,14500,1.15443,100
3,3003,146,14700,1.1546,100
3,3003,148,14900,1.15546,100
3,3003,150,15100,1.15543,100
3,3003,152,15300,1.16044,100
3,3003,154,15500,1.16254,100
3,3003,156,15700,1.16474,100
3,3003,158,15900,1.16705,100
3,3003,160,16100,1.17084,100
3,3003,162,16300,1.17196,100
3,3003,164,16500,1.17382,100
3,3003,166,16700,1.1742,100
3,3003,168,16900,1.17632,100
3,3003,170,17100,1.17745,100
3,3003,172,17300,1.17845,100
3,3003,174,17500,1.17937,100
3,3003,176,17700,1.18053,100
3,3003,178,17900,1.18085,100
3,3003,180,18100,1.18093,100
3,3003,182,18300,1.18238,100
3,3003,184,18500,1.18343,100
3,3003,186,18700,1.1842,100
3,3003,188,18900,1.18417,100
3,3003,190,19100,1.18432,100
3,3003,192,19300,1.18456,100
3,3003,194,19500,1.18495,100
3,3003,196,19700,1.18568,100
3,3003,198,19900,1.18632,100
3,3003,199,20000,1.18669,100
4,3004,0,100,0.415781,1
4,3004,2,300,0.686168,1
4,3004,4,500,0.696788,2
4,3004,6,700,0.705768,2
4,3004,8,900,0.717576,2
4,3004,10,1100,0.728712,3
4,3004,12,1300,0.735528,2
4,3004,14,1500,0.750235,2
4,3004,16,1700,0.755931,2
4,3004,18,1900,0.764608,5
4,3004,20,2100,0.774485,2
4,3004,22,2300,0.805756,1
4,3004,24,2500,0.81363,1
4,3004,26,2700,0.834057,1
4,3004,28,2900,0.84447,1
4,3004,30,3100,0.861645,1
4,3004,32,3300,0.872731,1
4,3004,34,3500,0.884711,1
4,3004,36,3700,0.892545,1
4,3004,38,3900,0.896508,2
4,3004,40,4100,0.906343,2
4,3004,42,4300,0.916767,1
4,3004,44,4500,0.926592,1
4,3004,46,4700,0.932451,1
4,3004,48,4900,0.953201,3
4,3004,50,5100,0.956189,5
4,3004,52,5300,0.965895,10
4,3004,54,5500,0.983654,15
4,3004,56,5700,0.991185,18
4,3004,58,5900,0.993276,18
4,3004,60,6100,0.99944,36
4,3004,62,6300,1.01163,43
4,3004,64,6500,1.01298,46
4,3004,66,6700,1.01802,80
4,3004,68,6900,1.02152,84
4,3004,70,7100,1.02575,100
4,3004,72,7300,1.02971,100
4,3004,74,7500,1.03326,100
4,3004,76,7700,1.03675,100
4,3004,78,7900,1.05075,100
4,3004,80,8100,1.05674,100
4,3004,82,8300,1.06412,100
4,3004,84,8500,1.07194,100
4,3004,86,8700,1.07205,100
4,3004,88,8900,1.07655,100
4,3004,90,9100,1.07786,100
4,3004,92,9300,1.08232,100
4,3004,94,9500,1.08274,100
4,3004,96,9700,1.08751,100
4,3004,98,9900,1.09113,100
4,3004,100,10100,1.09809,100
4,3004,102,10300,1.10002,100
4,3004,104,10500,1.1026,100
4,3004,106,10700,1.10517,100
4,3004,108,10900,1.1065,100
4,3004,110,11100,1.11184,100
4,3004,112,11300,1.11331,100
4,3004,114,11500,1.11692,100
4,3004,116,11700,1.12478,100
4,3004,118,11900,1.12562,100
4,3004,120,12100,1.12667,100
4,3004,122,12300,1.12725,100
4,3004,124,12500,1.12781,100
4,3004,126,12700,1.13238,100
4,3004,128,12900,1.13282,100
4,3004,130,13100,1.13356,100
4,3004,132,13300,1.13939,100
4,3004,134,13500,1.14144,100
4,3004,136,13700,1.14385,100
4,3004,138,13900,1.14428,100
4,3004,140,14100,1.1501,100
4,3004,142,14300,1.15134,100
4,3004,144,14500,1.15133,100
4,3004,146,14700,1.15229,100
4,3004,148,14900,1.1562,100
4,3004,150,15100,1.15839,100
4,3004,152,15300,1.16183,100
4,3004,154,15500,1.16347,100
4,3004,156,15700,1.16455,100
4,3004,158,15900,1.16529,100
4,3004,160,16100,1.16602,100
4,3004,162,16300,1.16925,100
4,3004,164,16500,1.16951,100
4,3004,166,16700,1.17131,100
4,3004,168,16900,1.17181,100
4,3004,170,17100,1.17378,100
4,3004,172,17300,1.17615,100
4,3004,174,17500,1.17698,100
4,3004,176,17700,1.17709,100
4,3004,178,17900,1.17753,100
4,3004,180,18100,1.17798,100
4,3004,182,18300,1.18045,100
4,3004,184,18500,1.18075,100
4,3004,186,18700,1.18236,100
4,3004,188,18900,1.18282,100
4,3004,190,19100,1.18307,100
4,3004,192,19300,1.18333,100
4,3004,194,19500,1.18337,100
4,3004,196,19700,1.18336,100
4,3004,198,19900,1.18418,100
4,3004,199,20000,1.18399,100
5,3005,0,100,0.376271,1
5,3005,2,300,0.708794,1
5,3005,4,500,0.723671,1
5,3005,6,700,0.73205,1
5,3005,8,900,0.74183,1
5,3005,10,1100,0.744393,1
5,3005,12,1300,0.753447,1
5,3005,14,1500,0.761607,3
5,3005,16,1700,0.780246,1
5,3005,18,1900,0.79002,2
5,3005,20,2100,0.798506,1
5,3005,22,2300,0.805363,2
5,3005,24,2500,0.818862,2
5,3005,26,2700,0.825878,1
5,3005,28,2900,0.828167,5
5,3005,30,3100,0.852505,2
5,3005,32,3300,0.860582,3
5,3005,34,3500,0.867737,3
5,3005,36,3700,0.876591,4
5,3005,38,3900,0.886798,4
5,3005,40,4100,0.903296,2
5,3005,42,4300,0.915806,1
5,3005,44,4500,0.924159,1
5,3005,46,4700,0.937342,1
5,3005,48,4900,0.944407,2
5,3005,50,5100,0.955409,1
5,3005,52,5300,0.959954,1
5,3005,54,5500,0.967512,2
5,3005,56,5700,0.976205,1
5,3005,58,5900,0.990314,1
5,3005,60,6100,1.00221,3
5,3005,62,6300,1.01103,16
5,3005,64,6500,1.02102,80
5,3005,66,6700,1.03059,100
5,3005,68,6900,1.03109,100
5,3005,70,7100,1.04428,100
5,3005,72,7300,1.05041,100
5,3005,74,7500,1.05366,100
5,3005,76,7700,1.05843,100
5,3005,78,7900,1.06482,100
5,3005,80,8100,1.0732,100
5,3005,82,8300,1.07398,100
5,3005,84,8500,1.08862,100
5,3005,86,8700,1.0887,100
5,3005,88,8900,1.09607,100
5,3005,90,9100,1.09737,100
5,3005,92,9300,1.09776,100
5,3005,94,9500,1.10056,100
5,3005,96,9700,1.10155,100
5,3005,98,9900,1.10797,100
5,3005,100,10100,1.11072,100
5,3005,102,10300,1.11296,100
5,3005,104,10500,1.11943,100
5,3005,106,10700,1.12124,100
5,3005,108,10900,1.12431,100
5,3005,110,11100,1.12621,100
5,3005,112,11300,1.12934,100
5,3005,114,11500,1.13391,100
5,3005,116,11700,1.1347,100
5,3005,118,11900,1.13565,100
5,3005,120,12100,1.13665,100
5,3005,122,12300,1.1411,100
5,3005,124,12500,1.14783,100
5,3005,126,12700,1.14856,100
5,3005,128,12900,1.1494,100
5,3005,130,13100,1.1502,100
5,3005,132,13300,1.15223,100
5,3005,134,13500,1.15282,100
5,3005,136,13700,1.15409,100
5,3005,138,13900,1.15695,100
5,3005,140,14100,1.15974,100
5,3005,142,14300,1.16192,100
5,3005,144,14500,1.16543,100
5,3005,146,14700,1.16596,100
5,3005,148,14900,1.1661,100
5,3005,150,15100,1.1691,100
5,3005,152,15300,1.17063,100
5,3005,154,15500,1.17135,100
5,3005,156,15700,1.17207,100
5,3005,158,15900,1.17411,100
5,3005,160,16100,1.17699,100
5,3005,162,16300,1.17888,100
5,3005,164,16500,1.18142,100
5,3005,166,16700,1.18217,100
5,3005,168,16900,1.18368,100
5,3005,170,17100,1.18392,100
5,3005,172,17300,1.18446,100
5,3005,174,17500,1.18522,100
5,3005,176,17700,1.18538,100
5,3005,178,17900,1.18587,100
5,3005,180,18100,1.18681,100
5,3005,182,18300,1.1877,100
5,3005,184,18500,1.18793,100
5,3005,186,18700,1.18927,100
5,3005,188,18900,1.19281,100
5,3005,190,19100,1.19339,100
5,3005,192,19300,1.19461,100
5,3005,194,19500,1.1955,100
5,3005,196,19700,1.19546,100
5,3005,198,19900,1.19619,100
5,3005,199,20000,1.19699,100
6,3006,0,100,0.462984,1
6,3006,2,300,0.760693,1
6,3006,4,500,0.766052,1
6,3006,6,700,0.772842,2
6,3006,8,900,0.78046,2
6,3006,10,1100,0.792099,2
6,3006,12,1300,0.802091,2
6,3006,14,1500,0.810312,1
6,3006,16,1700,0.836159,1
6,3006,18,1900,0.841843,1
6,3006,20,2100,0.849884,2
6,3006,22,2300,0.854975,2
6,3006,24,2500,0.866647,1
6,3006,26,2700,0.871738,1
6,3006,28,2900,0.878839,1
6,3006,30,3100,0.897617,2
6,3006,32,3300,0.898928,4
6,3006,34,3500,0.912556,4
6,3006,36,3700,0.920926,4
6,3006,38,3900,0.932676,8
6,3006,40,4100,0.947325,19
6,3006,42,4300,0.951474,21
6,3006,44,4500,0.967342,22
6,3006,46,4700,0.97011,28
6,3006,48,4900,0.988008,23
6,3006,50,5100,0.988179,32
6,3006,52,5300,0.99347,37
6,3006,54,5500,1.00315,42
6,3006,56,5700,1.01362,25
6,3006,58,5900,1.01885,53
6,3006,60,6100,1.02688,67
6,3006,62,6300,1.03273,86
6,3006,64,6500,1.04033,72
6,3006,66,6700,1.04405,100
6,3006,68,6900,1.0466,100
6,3006,70,7100,1.0494,100
6,3006,72,7300,1.05415,100
6,3006,74,7500,1.06018,100
6,3006,76,7700,1.06647,100
6,3006,78,7900,1.0727,100
6,3006,80,8100,1.07731,100
6,3006,82,8300,1.08558,100
6,3006,84,8500,1.09462,100
6,3006,86,8700,1.10167,100
6,3006,88,8900,1.10525,100
6,3006,90,9100,1.11698,100
6,3006,92,9300,1.11925,100
6,3006,94,9500,1.12203,100
6,3006,96,9700,1.12431,100
6,3006,98,9900,1.12756,100
6,3006,100,10100,1.13118,100
6,3006,102,10300,1.13976,100
6,3006,104,10500,1.14494,100
6,3006,106,10700,1.14986,100
6,3006,108,10900,1.15103,100
6,3006,110,11100,1.15373,100
6,3006,112,11300,1.15539,100
6,3006,114,11500,1.15593,100
6,3006,116,11700,1.15868,100
6,3006,118,11900,1.15947,100
6,3006,120,12100,1.16228,100
6,3006,122,12300,1.16311,100
6,3006,124,12500,1.16361,100
6,3006,126,12700,1.16661,100
6,3006,128,12900,1.16675,100
6,3006,130,13100,1.16853,100
6,3006,132,13300,1.16887,100
6,3006,134,13500,1.16914,100
6,3006,136,13700,1.16971,100
6,3006,138,13900,1.17037,100
6,3006,140,14100,1.17136,100
6,3006,142,14300,1.1731,100
6,3006,144,14500,1.17396,100
6,3006,146,14700,1.17402,100
6,3006,148,14900,1.17516,100
6,3006,150,15100,1.17804,100
6,3006,152,15300,1.17836,100
6,3006,154,15500,1.17968,100
6,3006,156,15700,1.18104,100
6,3006,158,15900,1.18325,100
6,3006,160,16100,1.18475,100
6,3006,162,16300,1.18627,100
6,3006,164,16500,1.18694,100
6,3006,166,16700,1.18693,100
6,3006,168,16900,1.19301,100
6,3006,170,17100,1.19323,100
6,3006,172,17300,1.19413,100
6,3006,174,17500,1.19474,100
6,3006,176,17700,1.19731,100
6,3006,178,17900,1.19992,100
6,3006,180,18100,1.20123,100
6,3006,182,18300,1.20155,100
6,3006,184,18500,1.20159,100
6,3006,186,18700,1.20209,100
6,3006,188,18900,1.20248,100
6,3006,190,19100,1.20376,100
6,3006,192,19300,1.2059,100
6,3006,194,19500,1.20683,100
6,3006,196,19700,1.20731,100
6,3006,198,19900,1.20728,100
6,3006,199,20000,1.2073,100
7,3007,0,100,0.571366,1
7,3007,2,300,0.731096,1
7,3007,4,500,0.741802,1
7,3007,6,700,0.762664,1
7,3007,8,900,0.779877,1
7,3007,10,1100,0.789822,1
7,3007,12,1300,0.800707,1
7,3007,14,1500,0.807494,1
7,3007,16,1700,0.81265,1
7,3007,18,1900,0.819116,2
7,3007,20,2100,0.836466,2
7,3007,22,2300,0.864848,1
7,3007,24,2500,0.870499,1
7,3007,26,2700,0.87895,1
7,3007,28,2900,0.883574,1
7,3007,30,3100,0.893146,2
7,3007,32,3300,0.906797,1
7,3007,34,3500,0.912656,2
7,3007,36,3700,0.917736,3
7,3007,38,3900,0.933083,1
7,3007,40,4100,0.940672,1
7,3007,42,4300,0.946253,1
7,3007,44,4500,0.952473,1
7,3007,46,4700,0.965281,2
7,3007,48,4900,0.979673,2
7,3007,50,5100,0.987646,10
7,3007,52,5300,0.995036,29
7,3007,54,5500,0.998495,29
7,3007,56,5700,1.0087,52
7,3007,58,5900,1.01271,70
7,3007,60,6100,1.01821,63
7,3007,62,6300,1.02431,88
7,3007,64,6500,1.02839,54
7,3007,66,6700,1.03773,73
7,3007,68,6900,1.04329,100
7,3007,70,7100,1.04941,100
7,3007,72,7300,1.06618,100
7,3007,74,7500,1.07409,100
7,3007,76,7700,1.07776,100
7,3007,78,7900,1.07781,100
7,3007,80,8100,1.08567,100
7,3007,82,8300,1.08881,100
7,3007,84,8500,1.09587,100
7,3007,86,8700,1.10125,100
7,3007,88,8900,1.1049,100
7,3007,90,9100,1.10871,100
7,3007,92,9300,1.11287,100
7,3007,94,9500,1.11553,100
7,3007,96,9700,1.11781,100
7,3007,98,9900,1.11881,100
7,3007,100,10100,1.11934,100
7,3007,102,10300,1.12175,100
7,3007,104,10500,1.12399,100
7,3007,106,10700,1.12668,100
7,3007,108,10900,1.12927,100
7,3007,110,11100,1.1303,100
7,3007,112,11300,1.13705,100
7,3007,114,11500,1.1429,100
7,3007,116,11700,1.14507,100
7,3007,118,11900,1.14546,100
7,3007,120,12100,1.14554,100
7,3007,122,12300,1.14662,100
7,3007,124,12500,1.15155,100
7,3007,126,12700,1.1534,100
7,3007,128,12900,1.15403,100
7,3007,130,13100,1.15475,100
7,3007,132,13300,1.15849,100
7,3007,134,13500,1.16178,100
7,3007,136,13700,1.16605,100
7,3007,138,13900,1.16648,100
7,3007,140,14100,1.16749,100
7,3007,142,14300,1.16832,100
7,3007,144,14500,1.16884,100
7,3007,146,14700,1.16979,100
7,3007,148,14900,1.1715,100
7,3007,150,15100,1.17312,100
7,3007,152,15300,1.17493,100
7,3007,154,15500,1.17623,100
7,3007,156,15700,1.1784,100
7,3007,158,15900,1.17895,100
7,3007,160,16100,1.17953,100
7,3007,162,16300,1.18042,100
7,3007,164,16500,1.18041,100
7,3007,166,16700,1.182,100
7,3007,168,16900,1.18388,100
7,3007,170,17100,1.18425,100
7,3007,172,17300,1.18433,100
7,3007,174,17500,1.18657,100
7,3007,176,17700,1.18814,100
7,3007,178,17900,1.18992,100
7,3007,180,18100,1.18993,100
7,3007,182,18300,1.19086,100
7,3007,184,18500,1.19159,100
7,3007,186,18700,1.19348,100
7,3007,188,18900,1.19376,100
7,3007,190,19100,1.19428,100
7,3007,192,19300,1.1961,100
7,3007,194,19500,1.19645,100
7,3007,196,19700,1.19711,100
7,3007,198,19900,1.19941,100
7,3007,199,20000,1.1995,100
8,3008,0,100,0.566989,1
8,3008,2,300,0.713733,1
8,3008,4,500,0.71939,1
8,3008,6,700,0.737183,1
8,3008,8,900,0.743031,1
8,3008,10,1100,0.753957,1
8,3008,12,1300,0.767748,1
8,3008,14,1500,0.776915,2
8,3008,16,1700,0.788459,1
8,3008,18,1900,0.804445,1
8,3008,20,2100,0.804664,2
8,3008,22,2300,0.814908,1
8,3008,24,2500,0.823118,1
8,3008,26,2700,0.837037,1
8,3008,28,2900,0.851277,1
8,3008,30,3100,0.857125,1
8,3008,32,3300,0.866447,1
8,3008,34,3500,0.880817,1
8,3008,36,3700,0.885642,2
8,3008,38,3900,0.89745,2
8,3008,40,4100,0.912752,1
8,3008,42,4300,0.918304,2
8,3008,44,4500,0.928215,1
8,3008,46,4700,0.937435,3
8,3008,48,4900,0.945111,1
8,3008,50,5100,0.956974,2
8,3008,52,5300,0.963484,5
8,3008,54,5500,0.973531,11
8,3008,56,5700,0.984333,21
8,3008,58,5900,0.992873,34
8,3008,60,6100,0.997788,74
8,3008,62,6300,1.00116,58
8,3008,64,6500,1.01558,50
8,3008,66,6700,1.01781,51
8,3008,68,6900,1.02349,65
8,3008,70,7100,1.02894,100
8,3008,72,7300,1.03645,100
8,3008,74,7500,1.03835,100
8,3008,76,7700,1.04412,100
8,3008,78,7900,1.0572,100
8,3008,80,8100,1.05783,100
8,3008,82,8300,1.06321,100
8,3008,84,8500,1.06907,100
8,3008,86,8700,1.07603,100
8,3008,88,8900,1.08149,100
8,3008,90,9100,1.08172,100
8,3008,92,9300,1.08771,100
8,3008,94,9500,1.09672,100
8,3008,96,9700,1.09895,100
8,3008,98,9900,1.10423,100
8,3008,100,10100,1.1088,100
8,3008,102,10300,1.11127,100
8,3008,104,10500,1.11389,100
8,3008,106,10700,1.11821,100
8,3008,108,10900,1.12304,100
8,3008,110,11100,1.12372,100
8,3008,112,11300,1.12598,100
8,3008,114,11500,1.12783,100
8,3008,116,11700,1.12887,100
8,3008,118,11900,1.13149,100
8,3008,120,12100,1.1335,100
8,3008,122,12300,1.13449,100
8,3008,124,12500,1.13706,100
8,3008,126,12700,1.14074,100
8,3008,128,12900,1.14219,100
8,3008,130,13100,1.14371,100
8,3008,132,13300,1.14406,100
8,3008,134,13500,1.14691,100
8,3008,136,13700,1.14885,100
8,3008,138,13900,1.15106,100
8,3008,140,14100,1.15213,100
8,3008,142,14300,1.15223,100
8,3008,144,14500,1.15284,100
8,3008,146,14700,1.15478,100
8,3008,148,14900,1.15611,100
8,3008,150,15100,1.15945,100
8,3008,152,15300,1.15965,100
8,3008,154,15500,1.1599,100
8,3008,156,15700,1.16023,100
8,3008,158,15900,1.16256,100
8,3008,160,16100,1.16311,100
8,3008,162,16300,1.16394,100
8,3008,164,16500,1.1648,100
8,3008,166,16700,1.16517,100
8,3008,168,16900,1.16518,100
8,3008,170,17100,1.16628,100
8,3008,172,17300,1.16642,100
8,3008,174,17500,1.16872,100
8,3008,176,17700,1.16957,100
8,3008,178,17900,1.16945,100
8,3008,180,18100,1.17041,100
8,3008,182,18300,1.17312,100
8,3008,184,18500,1.1732,100
8,3008,186,18700,1.17344,100
8,3008,188,18900,1.17408,100
8,3008,190,19100,1.17482,100
8,3008,192,19300,1.17533,100
8,3008,194,19500,1.17716,100
8,3008,196,19700,1.17751,100
8,3008,198,19900,1.17818,100
8,3008,199,20000,1.17808,100
9,3009,0,100,0.416995,1
9,3009,2,300,0.685807,1
9,3009,4,500,0.689404,2
9,3009,6,700,0.692331,1
9,3009,8,900,0.704141,1
9,3009,10,1100,0.726918,1
9,3009,12,1300,0.728494,1
9,3009,14,1500,0.737009,1
9,3009,16,1700,0.745858,1
9,3009,18,1900,0.75327,2
9,3009,20,2100,0.765549,2
9,3009,22,2300,0.770936,1
9,3009,24,2500,0.781464,2
9,3009,26,2700,0.790718,2
9,3009,28,2900,0.799851,1
9,3009,30,3100,0.80959,2
9,3009,32,3300,0.822489,1
9,3009,34,3500,0.832049,3
9,3009,36,3700,0.850451,2
9,3009,38,3900,0.859722,10
9,3009,40,4100,0.873182,4
9,3009,42,4300,0.89086,4
9,3009,44,4500,0.895181,13
9,3009,46,4700,0.913313,8
9,3009,48,4900,0.918388,8
9,3009,50,5100,0.937044,11
9,3009,52,5300,0.937734,15
9,3009,54,5500,0.954835,19
9,3009,56,5700,0.955667,31
9,3009,58,5900,0.961835,36
9,3009,60,6100,0.969053,45
9,3009,62,6300,0.977012,51
9,3009,64,6500,0.987907,30
9,3009,66,6700,0.997145,49
9,3009,68,6900,0.999211,49
9,3009,70,7100,1.00903,30
9,3009,72,7300,1.01682,34
9,3009,74,7500,1.0242,40
9,3009,76,7700,1.03178,45
9,3009,78,7900,1.03474,44
9,3009,80,8100,1.03732,59
9,3009,82,8300,1.04181,59
9,3009,84,8500,1.04583,48
9,3009,86,8700,1.04697,69
9,3009,88,8900,1.05282,86
9,3009,90,9100,1.05681,100
9,3009,92,9300,1.06174,100
9,3009,94,9500,1.06304,100
9,3009,96,9700,1.06711,100
9,3009,98,9900,1.06886,100
9,3009,100,10100,1.07429,100
9,3009,102,10300,1.07683,100
9,3009,104,10500,1.08942,100
9,3009,106,10700,1.09394,100
9,3009,108,10900,1.0983,100
9,3009,110,11100,1.10865,100
9,3009,112,11300,1.10915,100
9,3009,114,11500,1.11196,100
9,3009,116,11700,1.11658,100
9,3009,118,11900,1.11851,100
9,3009,120,12100,1.12152,100
9,3009,122,12300,1.12927,100
9,3009,124,12500,1.13058,100
9,3009,126,12700,1.1319,100
9,3009,128,12900,1.13707,100
9,3009,130,13100,1.14072,100
9,3009,132,13300,1.14076,100
9,3009,134,13500,1.14165,100
9,3009,136,13700,1.14205,100
9,3009,138,13900,1.14452,100
9,3009,140,14100,1.14569,100
9,3009,142,14300,1.1465,100
9,3009,144,14500,1.1465,100
9,3009,146,14700,1.14752,100
9,3009,148,14900,1.15052,100
9,3009,150,15100,1.15181,100
9,3009,152,15300,1.15788,100
9,3009,154,15500,1.15799,100
9,3009,156,15700,1.15836,100
9,3009,158,15900,1.15857,100
9,3009,160,16100,1.15895,100
9,3009,162,16300,1.15981,100
9,3009,164,16500,1.16033,100
9,3009,166,16700,1.16411,100
9,3009,168,16900,1.16407,100
9,3009,170,17100,1.16473,100
9,3009,172,17300,1.16491,100
9,3009,174,17500,1.16491,100
9,3009,176,17700,1.16905,100
9,3009,178,17900,1.16941,100
9,3009,180,18100,1.17026,100
9,3009,182,18300,1.17065,100
9,3009,184,18500,1.17228,100
9,3009,186,18700,1.1735,100
9,3009,188,18900,1.17381,100
9,3009,190,19100,1.17538,100
9,3009,192,19300,1.17527,100
9,3009,194,19500,1.17573,100
9,3009,196,19700,1.1759,100
9,3009,198,19900,1.17615,100
9,3009,199,20000,1.17631,100
10,3010,0,100,0.317895,1
10,3010,2,300,0.730083,3
10,3010,4,500,0.733498,3
10,3010,6,700,0.745524,4
10,3010,8,900,0.752421,4
10,3010,10,1100,0.761518,11
10,3010,12,1300,0.764934,4
10,3010,14,1500,0.787367,3
10,3010,16,1700,0.796336,3
10,3010,18,1900,0.812395,12
10,3010,20,2100,0.814048,8
10,3010,22,2300,0.823211,8
10,3010,24,2500,0.836836,5
10,3010,26,2700,0.841372,9
10,3010,28,2900,0.850159,12
10,3010,30,3100,0.860663,12
10,3010,32,3300,0.86969,10
10,3010,34,3500,0.875049,12
10,3010,36,3700,0.904502,12
10,3010,38,3900,0.905452,16
10,3010,40,4100,0.917577,12
10,3010,42,4300,0.924105,25
10,3010,44,4500,0.932336,25
10,3010,46,4700,0.940416,26
10,3010,48,4900,0.942371,17
10,3010,50,5100,0.950797,20
10,3010,52,5300,0.958388,16
10,3010,54,5500,0.973086,15
10,3010,56,5700,0.989211,29
10,3010,58,5900,1.00192,35
10,3010,60,6100,1.00705,28
10,3010,62,6300,1.01143,32
10,3010,64,6500,1.02046,51
10,3010,66,6700,1.02833,57
10,3010,68,6900,1.03166,62
10,3010,70,7100,1.0397,41
10,3010,72,7300,1.04303,54
10,3010,74,7500,1.05108,91
10,3010,76,7700,1.05335,100
10,3010,78,7900,1.06232,100
10,3010,80,8100,1.06742,100
10,3010,82,8300,1.07271,100
10,3010,84,8500,1.07835,100
10,3010,86,8700,1.08237,100
10,3010,88,8900,1.08387,100
10,3010,90,9100,1.09204,100
10,3010,92,9300,1.09343,100
10,3010,94,9500,1.09694,100
10,3010,96,9700,1.09853,100
10,3010,98,9900,1.10096,100
10,3010,100,10100,1.10924,100
10,3010,102,10300,1.11584,100
10,3010,104,10500,1.11798,100
10,3010,106,10700,1.12291,100
10,3010,108,10900,1.12578,100
10,3010,110,11100,1.1277,100
10,3010,112,11300,1.12951,100
10,3010,114,11500,1.13036,100
10,3010,116,11700,1.13533,100
10,3010,118,11900,1.13561,100
10,3010,120,12100,1.1375,100
10,3010,122,12300,1.13877,100
10,3010,124,12500,1.14105,100
10,3010,126,12700,1.14275,100
10,3010,128,12900,1.14306,100
10,3010,130,13100,1.14509,100
10,3010,132,13300,1.14517,100
10,3010,134,13500,1.14527,100
10,3010,136,13700,1.1479,100
10,3010,138,13900,1.1489,100
10,3010,140,14100,1.15115,100
10,3010,142,14300,1.15167,100
10,3010,144,14500,1.15534,100
10,3010,146,14700,1.15672,100
10,3010,148,14900,1.15699,100
10,3010,150,15100,1.16136,100
10,3010,152,15300,1.16138,100
10,3010,154,15500,1.16859,100
10,3010,156,15700,1.16965,100
10,3010,158,15900,1.17051,100
10,3010,160,16100,1.17567,100
10,3010,162,16300,1.17783,100
10,3010,164,16500,1.17874,100
10,3010,166,16700,1.18147,100
10,3010,168,16900,1.18299,100
10,3010,170,17100,1.18393,100
10,3010,172,17300,1.18506,100
10,3010,174,17500,1.18646,100
10,3010,176,17700,1.18777,100
10,3010,178,17900,1.18824,100
10,3010,180,18100,1.18924,100
10,3010,182,18300,1.18906,100
10,3010,184,18500,1.19113,100
10,3010,186,18700,1.19181,100
10,3010,188,18900,1.19231,100
10,3010,190,19100,1.19275,100
10,3010,192,19300,1.19478,100
10,3010,194,19500,1.19493,100
10,3010,196,19700,1.19481,100
10,3010,198,19900,1.19479,100
10,3010,199,20000,1.19476,100
11,3011,0,100,0.52827,2
11,3011,2,300,0.743063,12
11,3011,4,500,0.750436,11
11,3011,6,700,0.766242,17
11,3011,8,900,0.7766,16
11,3011,10,1100,0.779121,17
11,3011,12,1300,0.788701,22
11,3011,14,1500,0.797912,16
11,3011,16,1700,0.801713,18
11,3011,18,1900,0.811922,27
11,3011,20,2100,0.821818,15
11,3011,22,2300,0.837259,19
11,3011,24,2500,0.840595,29
11,3011,26,2700,0.84824,27
11,3011,28,2900,0.860913,25
11,3011,30,3100,0.86552,32
11,3011,32,3300,0.874815,45
11,3011,34,3500,0.881108,20
11,3011,36,3700,0.883684,18
11,3011,38,3900,0.891079,45
11,3011,40,4100,0.905388,34
11,3011,42,4300,0.907465,46
11,3011,44,4500,0.912196,39
11,3011,46,4700,0.919977,39
11,3011,48,4900,0.924663,37
11,3011,50,5100,0.925621,47
11,3011,52,5300,0.934831,58
11,3011,54,5500,0.936952,58
11,3011,56,5700,0.946523,38
11,3011,58,5900,0.954542,46
11,3011,60,6100,0.958205,61
11,3011,62,6300,0.960857,42
11,3011,64,6500,0.968761,39
11,3011,66,6700,0.972352,55
11,3011,68,6900,0.978812,39
11,3011,70,7100,0.988027,38
11,3011,72,7300,0.994788,57
11,3011,74,7500,0.998212,54
11,3011,76,7700,1.00255,62
11,3011,78,7900,1.01027,85
11,3011,80,8100,1.01704,76
11,3011,82,8300,1.02585,65
11,3011,84,8500,1.02906,77
11,3011,86,8700,1.03673,74
11,3011,88,8900,1.04574,97
11,3011,90,9100,1.06001,70
11,3011,92,9300,1.0623,66
11,3011,94,9500,1.06499,90
11,3011,96,9700,1.06785,100
11,3011,98,9900,1.07046,94
11,3011,100,10100,1.07235,100
11,3011,102,10300,1.08,100
11,3011,104,10500,1.08176,100
11,3011,106,10700,1.0859,100
11,3011,108,10900,1.08741,100
11,3011,110,11100,1.09394,100
11,3011,112,11300,1.10145,100
11,3011,114,11500,1.10404,100
11,3011,116,11700,1.10868,100
11,3011,118,11900,1.11317,100
11,3011,120,12100,1.11449,100
11,3011,122,12300,1.1149,100
11,3011,124,12500,1.11775,100
11,3011,126,12700,1.12006,100
11,3011,128,12900,1.123,100
11,3011,130,13100,1.13001,100
11,3011,132,13300,1.13139,100
11,3011,134,13500,1.13166,100
11,3011,136,13700,1.13177,100
11,3011,138,13900,1.13395,100
11,3011,140,14100,1.13812,100
11,3011,142,14300,1.13936,100
11,3011,144,14500,1.14082,100
11,3011,146,14700,1.14165,100
11,3011,148,14900,1.1453,100
11,3011,150,15100,1.14598,100
11,3011,152,15300,1.14608,100
11,3011,154,15500,1.14629,100
11,3011,156,15700,1.14863,100
11,3011,158,15900,1.15084,100
11,3011,160,16100,1.15242,100
11,3011,162,16300,1.15385,100
11,3011,164,16500,1.15555,100
11,3011,166,16700,1.15633,100
11,3011,168,16900,1.15819,100
11,3011,170,17100,1.15871,100
11,3011,172,17300,1.16313,100
11,3011,174,17500,1.16807,100
11,3011,176,17700,1.1686,100
11,3011,178,17900,1.16926,100
11,3011,180,18100,1.17002,100
11,3011,182,18300,1.17151,100
11,3011,184,18500,1.17196,100
11,3011,186,18700,1.17238,100
11,3011,188,18900,1.17353,100
11,3011,190,19100,1.17417,100
11,3011,192,19300,1.17431,100
11,3011,194,19500,1.17648,100
11,3011,196,19700,1.17706,100
11,3011,198,19900,1.18108,100
11,3011,199,20000,1.18181,100
12,3012,0,100,0.448675,1
12,3012,2,300,0.662515,1
12,3012,4,500,0.66557,1
12,3012,6,700,0.679155,1
12,3012,8,900,0.68861,1
12,3012,10,1100,0.701416,1
12,3012,12,1300,0.713455,2
12,3012,14,1500,0.722133,2
12,3012,16,1700,0.72752,1
12,3012,18,1900,0.745165,1
12,3012,20,2100,0.750816,2
12,3012,22,2300,0.763272,1
12,3012,24,2500,0.767076,3
12,3012,26,2700,0.781078,2
12,3012,28,2900,0.790808,1
12,3012,30,3100,0.803466,1
12,3012,32,3300,0.811896,1
12,3012,34,3500,0.820125,1
12,3012,36,3700,0.832899,1
12,3012,38,3900,0.841056,2
12,3012,40,4100,0.855971,1
12,3012,42,4300,0.862858,1
12,3012,44,4500,0.872392,2
12,3012,46,4700,0.88518,1
12,3012,48,4900,0.902048,5
12,3012,50,5100,0.916505,7
12,3012,52,5300,0.928476,19
12,3012,54,5500,0.933401,4
12,3012,56,5700,0.939186,12
12,3012,58,5900,0.949054,8
12,3012,60,6100,0.954483,6
12,3012,62,6300,0.958897,21
12,3012,64,6500,0.963042,29
12,3012,66,6700,0.972922,30
12,3012,68,6900,0.977859,34
12,3012,70,7100,0.986594,29
12,3012,72,7300,0.994659,37
12,3012,74,7500,1.00671,50
12,3012,76,7700,1.01307,77
12,3012,78,7900,1.01322,51
12,3012,80,8100,1.01979,85
12,3012,82,8300,1.02459,72
12,3012,84,8500,1.02792,82
12,3012,86,8700,1.03108,100
12,3012,88,8900,1.03547,100
12,3012,90,9100,1.03857,69
12,3012,92,9300,1.0423,67
12,3012,94,9500,1.04599,61
12,3012,96,9700,1.04952,87
12,3012,98,9900,1.05381,100
12,3012,100,10100,1.06201,86
12,3012,102,10300,1.06848,100
12,3012,104,10500,1.06928,100
12,3012,106,10700,1.07169,100
12,3012,108,10900,1.07428,100
12,3012,110,11100,1.07859,100
12,3012,112,11300,1.08506,100
12,3012,114,11500,1.09198,100
12,3012,116,11700,1.09943,100
12,3012,118,11900,1.10481,100
12,3012,120,12100,1.10489,100
12,3012,122,12300,1.11016,100
12,3012,124,12500,1.11376,100
12,3012,126,12700,1.11883,100
12,3012,128,12900,1.12231,100
12,3012,130,13100,1.12296,100
12,3012,132,13300,1.12642,100
12,3012,134,13500,1.1302,100
12,3012,136,13700,1.13203,100
12,3012,138,13900,1.13332,100
12,3012,140,14100,1.14184,100
12,3012,142,14300,1.14394,100
12,3012,144,14500,1.14441,100
12,3012,146,14700,1.14427,100
12,3012,148,14900,1.14717,100
12,3012,150,15100,1.15039,100
12,3012,152,15300,1.15445,100
12,3012,154,15500,1.15676,100
12,3012,156,15700,1.15872,100
12,3012,158,15900,1.16238,100
12,3012,160,16100,1.16301,100
12,3012,162,16300,1.16612,100
12,3012,164,16500,1.16833,100
12,3012,166,16700,1.17234,100
12,3012,168,16900,1.17629,100
12,3012,170,17100,1.17702,100
12,3012,172,17300,1.1778,100
12,3012,174,17500,1.17872,100
12,3012,176,17700,1.1816,100
12,3012,178,17900,1.18197,100
12,3012,180,18100,1.18349,100
12,3012,182,18300,1.18616,100
12,3012,184,18500,1.18698,100
12,3012,186,18700,1.1877,100
12,3012,188,18900,1.19101,100
12,3012,190,19100,1.19204,100
12,3012,192,19300,1.19507,100
12,3012,194,19500,1.19641,100
12,3012,196,19700,1.19751,100
12,3012,198,19900,1.19811,100
12,3012,199,20000,1.19812,100
13,3013,0,100,0.499289,1
13,3013,2,300,0.649449,1
13,3013,4,500,0.662443,1
13,3013,6,700,0.665502,2
13,3013,8,900,0.680284,1
13,3013,10,1100,0.685365,2
13,3013,12,1300,0.696922,2
13,3013,14,1500,0.702215,3
13,3013,16,1700,0.710899,1
13,3013,18,1900,0.720338,1
13,3013,20,2100,0.729272,1
13,3013,22,2300,0.738673,1
13,3013,24,2500,0.751405,1
13,3013,26,2700,0.76155,2
13,3013,28,2900,0.777515,1
13,3013,30,3100,0.788432,1
13,3013,32,3300,0.796385,1
13,3013,34,3500,0.806727,1
13,3013,36,3700,0.826126,1
13,3013,38,3900,0.827254,1
13,3013,40,4100,0.838496,1
13,3013,42,4300,0.857104,1
13,3013,44,4500,0.859335,2
13,3013,46,4700,0.86997,3
13,3013,48,4900,0.880324,1
13,3013,50,5100,0.88741,1
13,3013,52,5300,0.901539,3
13,3013,54,5500,0.91771,1
13,3013,56,5700,0.924626,1
13,3013,58,5900,0.936661,1
13,3013,60,6100,0.95296,1
13,3013,62,6300,0.962943,1
13,3013,64,6500,0.97123,1
13,3013,66,6700,0.974409,3
13,3013,68,6900,0.98802,4
13,3013,70,7100,0.996972,4
13,3013,72,7300,1.00618,15
13,3013,74,7500,1.01411,23
13,3013,76,7700,1.02283,34
13,3013,78,7900,1.0286,49
13,3013,80,8100,1.03269,100
13,3013,82,8300,1.04053,100
13,3013,84,8500,1.04739,100
13,3013,86,8700,1.05286,100
13,3013,88,8900,1.05903,100
13,3013,90,9100,1.07779,100
13,3013,92,9300,1.07798,100
13,3013,94,9500,1.08235,100
13,3013,96,9700,1.08359,100
13,3013,98,9900,1.08774,100
13,3013,100,10100,1.09368,100
13,3013,102,10300,1.09982,100
13,3013,104,10500,1.10467,100
13,3013,106,10700,1.11162,100
13,3013,108,10900,1.115,100
13,3013,110,11100,1.11764,100
13,3013,112,11300,1.11942,100
13,3013,114,11500,1.12174,100
13,3013,116,11700,1.12589,100
13,3013,118,11900,1.12886,100
13,3013,120,12100,1.1335,100
13,3013,122,12300,1.13593,100
13,3013,124,12500,1.13906,100
13,3013,126,12700,1.13906,100
13,3013,128,12900,1.14141,100
13,3013,130,13100,1.14179,100
13,3013,132,13300,1.14497,100
13,3013,134,13500,1.14667,100
13,3013,136,13700,1.14818,100
13,3013,138,13900,1.14921,100
13,3013,140,14100,1.15116,100
13,3013,142,14300,1.15248,100
13,3013,144,14500,1.15465,100
13,3013,146,14700,1.15803,100
13,3013,148,14900,1.15793,100
13,3013,150,15100,1.15859,100
13,3013,152,15300,1.16005,100
13,3013,154,15500,1.16158,100
13,3013,156,15700,1.16174,100
13,3013,158,15900,1.16397,100
13,3013,160,16100,1.16666,100
13,3013,162,16300,1.16792,100
13,3013,164,16500,1.17089,100
13,3013,166,16700,1.17523,100
13,3013,168,16900,1.17584,100
13,3013,170,17100,1.17884,100
13,3013,172,17300,1.18057,100
13,3013,174,17500,1.18222,100
13,3013,176,17700,1.18228,100
13,3013,178,17900,1.18248,100
13,3013,180,18100,1.18627,100
13,3013,182,18300,1.18807,100
13,3013,184,18500,1.18778,100
13,3013,186,18700,1.18815,100
13,3013,188,18900,1.18827,100
13,3013,190,19100,1.18911,100
13,3013,192,19300,1.191,100
13,3013,194,19500,1.19429,100
13,3013,196,19700,1.19486,100
13,3013,198,19900,1.19481,100
13,3013,199,20000,1.19529,100
14,3014,0,100,0.460005,1
14,3014,2,300,0.719222,1
14,3014,4,500,0.733635,1
14,3014,6,700,0.737268,2
14,3014,8,900,0.749996,1
14,3014,10,1100,0.758585,1
14,3014,12,1300,0.768994,1
14,3014,14,1500,0.786413,1
14,3014,16,1700,0.794769,1
14,3014,18,1900,0.801699,2
14,3014,20,2100,0.814616,1
14,3014,22,2300,0.822751,1
14,3014,24,2500,0.826828,1
14,3014,26,2700,0.845528,1
14,3014,28,2900,0.85528,2
14,3014,30,3100,0.861716,3
14,3014,32,3300,0.870017,2
14,3014,34,3500,0.88473,1
14,3014,36,3700,0.891007,1
14,3014,38,3900,0.916899,2
14,3014,40,4100,0.927419,4
14,3014,42,4300,0.928674,6
14,3014,44,4500,0.933865,13
14,3014,46,4700,0.946326,9
14,3014,48,4900,0.95541,24
14,3014,50,5100,0.962788,27
14,3014,52,5300,0.97403,23
14,3014,54,5500,0.975881,22
14,3014,56,5700,0.981367,36
14,3014,58,5900,0.987846,18
14,3014,60,6100,0.991314,27
14,3014,62,6300,0.9959,22
14,3014,64,6500,1.00677,21
14,3014,66,6700,1.00681,34
14,3014,68,6900,1.02118,46
14,3014,70,7100,1.03006,32
14,3014,72,7300,1.03948,41
14,3014,74,7500,1.04483,59
14,3014,76,7700,1.0511,80
14,3014,78,7900,1.05961,100
14,3014,80,8100,1.06218,100
14,3014,82,8300,1.06501,100
14,3014,84,8500,1.07251,100
14,3014,86,8700,1.0804,100
14,3014,88,8900,1.08852,100
14,3014,90,9100,1.09068,100
14,3014,92,9300,1.09906,100
14,3014,94,9500,1.10409,100
14,3014,96,9700,1.10693,100
14,3014,98,9900,1.1082,100
14,3014,100,10100,1.11802,100
14,3014,102,10300,1.12253,100
14,3014,104,10500,1.12507,100
14,3014,106,10700,1.12623,100
14,3014,108,10900,1.12659,100
14,3014,110,11100,1.12977,100
14,3014,112,11300,1.13383,100
14,3014,114,11500,1.13773,100
14,3014,116,11700,1.13972,100
14,3014,118,11900,1.13989,100
14,3014,120,12100,1.1422,100
14,3014,122,12300,1.14366,100
14,3014,124,12500,1.14446,100
14,3014,126,12700,1.15256,100
14,3014,128,12900,1.15729,100
14,3014,130,13100,1.15766,100
14,3014,132,13300,1.15883,100
14,3014,134,13500,1.15992,100
14,3014,136,13700,1.16102,100
14,3014,138,13900,1.16207,100
14,3014,140,14100,1.16496,100
14,3014,142,14300,1.16694,100
14,3014,144,14500,1.16964,100
14,3014,146,14700,1.16959,100
14,3014,148,14900,1.17513,100
14,3014,150,15100,1.17832,100
14,3014,152,15300,1.17951,100
14,3014,154,15500,1.17959,100
14,3014,156,15700,1.17978,100
14,3014,158,15900,1.18102,100
14,3014,160,16100,1.18238,100
14,3014,162,16300,1.18344,100
14,3014,164,16500,1.18365,100
14,3014,166,16700,1.18794,100
14,3014,168,16900,1.18851,100
14,3014,170,17100,1.18898,100
14,3014,172,17300,1.19194,100
14,3014,174,17500,1.19366,100
14,3014,176,17700,1.19516,100
14,3014,178,17900,1.1972,100
14,3014,180,18100,1.19782,100
14,3014,182,18300,1.1981,100
14,3014,184,18500,1.19855,100
14,3014,186,18700,1.19896,100
14,3014,188,18900,1.19937,100
14,3014,190,19100,1.20034,100
14,3014,192,19300,1.20149,100
14,3014,194,19500,1.20147,100
14,3014,196,19700,1.20178,100
14,3014,198,19900,1.20265,100
14,3014,199,20000,1.20294,100
15,3015,0,100,0.535098,1
15,3015,2,300,0.711362,1
15,3015,4,500,0.723189,1
15,3015,6,700,0.727113,1
15,3015,8,900,0.736076,1
15,3015,10,1100,0.748638,1
15,3015,12,1300,0.760914,1
15,3015,14,1500,0.766132,1
15,3015,16,1700,0.778982,1
15,3015,18,1900,0.785478,1
15,3015,20,2100,0.795594,2
15,3015,22,2300,0.806517,2
15,3015,24,2500,0.816155,2
15,3015,26,2700,0.821929,2
15,3015,28,2900,0.840251,1
15,3015,30,3100,0.842367,1
15,3015,32,3300,0.861827,1
15,3015,34,3500,0.861827,1
15,3015,36,3700,0.881822,1
15,3015,38,3900,0.899788,1
15,3015,40,4100,0.899788,1
15,3015,42,4300,0.906848,1
15,3015,44,4500,0.917201,1
15,3015,46,4700,0.926552,3
15,3015,48,4900,0.929148,7
15,3015,50,5100,0.93511,3
15,3015,52,5300,0.944559,6
15,3015,54,5500,0.951631,3
15,3015,56,5700,0.956413,6
15,3015,58,5900,0.961333,12
15,3015,60,6100,0.973861,10
15,3015,62,6300,0.975656,23
15,3015,64,6500,0.982385,30
15,3015,66,6700,0.99486,17
15,3015,68,6900,1.00734,31
15,3015,70,7100,1.01009,63
15,3015,72,7300,1.01166,71
15,3015,74,7500,1.01743,96
15,3015,76,7700,1.03135,99
15,3015,78,7900,1.03855,100
15,3015,80,8100,1.04451,100
15,3015,82,8300,1.05108,100
15,3015,84,8500,1.05275,100
15,3015,86,8700,1.06359,100
15,3015,88,8900,1.0637,100
15,3015,90,9100,1.06915,100
15,3015,92,9300,1.08159,100
15,3015,94,9500,1.08368,100
15,3015,96,9700,1.09089,100
15,3015,98,9900,1.09322,100
15,3015,100,10100,1.09628,100
15,3015,102,10300,1.09849,100
15,3015,104,10500,1.10067,100
15,3015,106,10700,1.10335,100
15,3015,108,10900,1.10934,100
15,3015,110,11100,1.11146,100
15,3015,112,11300,1.11374,100
15,3015,114,11500,1.11463,100
15,3015,116,11700,1.11819,100
15,3015,118,11900,1.12257,100
15,3015,120,12100,1.1226,100
15,3015,122,12300,1.12444,100
15,3015,124,12500,1.12566,100
15,3015,126,12700,1.12599,100
15,3015,128,12900,1.12671,100
15,3015,130,13100,1.1273,100
15,3015,132,13300,1.12808,100
15,3015,134,13500,1.12997,100
15,3015,136,13700,1.13269,100
15,3015,138,13900,1.13425,100
15,3015,140,14100,1.13492,100
15,3015,142,14300,1.13875,100
15,3015,144,14500,1.14015,100
15,3015,146,14700,1.14274,100
15,3015,148,14900,1.14339,100
15,3015,150,15100,1.14616,100
15,3015,152,15300,1.14942,100
15,3015,154,15500,1.1534,100
15,3015,156,15700,1.15401,100
15,3015,158,15900,1.15379,100
15,3015,160,16100,1.15741,100
15,3015,162,16300,1.15901,100
15,3015,164,16500,1.16237,100
15,3015,166,16700,1.165,100
15,3015,168,16900,1.1656,100
15,3015,170,17100,1.16566,100
15,3015,172,17300,1.167,100
15,3015,174,17500,1.16912,100
15,3015,176,17700,1.17245,100
15,3015,178,17900,1.17367,100
15,3015,180,18100,1.17513,100
15,3015,182,18300,1.17584,100
15,3015,184,18500,1.17684,100
15,3015,186,18700,1.1781,100
15,3015,188,18900,1.17977,100
15,3015,190,19100,1.17976,100
15,3015,192,19300,1.18039,100
15,3015,194,19500,1.18096,100
15,3015,196,19700,1.18366,100
15,3015,198,19900,1.18432,100
15,3015,199,20000,1.18522,100
16,3016,0,100,0.476164,1
16,3016,2,300,0.630524,1
16,3016,4,500,0.641283,1
16,3016,6,700,0.651362,1
16,3016,8,900,0.652908,1
16,3016,10,1100,0.660746,2
16,3016,12,1300,0.674509,1
16,3016,14,1500,0.685992,2
16,3016,16,1700,0.695073,1
16,3016,18,1900,0.708531,1
16,3016,20,2100,0.718116,1
16,3016,22,2300,0.729423,1
16,3016,24,2500,0.733156,1
16,3016,26,2700,0.742009,1
16,3016,28,2900,0.753293,1
16,3016,30,3100,0.765423,1
16,3016,32,3300,0.779522,1
16,3016,34,3500,0.78531,1
16,3016,36,3700,0.796457,2
16,3016,38,3900,0.803665,1
16,3016,40,4100,0.817589,1
16,3016,42,4300,0.820472,1
16,3016,44,4500,0.825656,1
16,3016,46,4700,0.841926,3
16,3016,48,4900,0.850446,1
16,3016,50,5100,0.865108,1
16,3016,52,5300,0.866972,1
16,3016,54,5500,0.874355,2
16,3016,56,5700,0.882779,1
16,3016,58,5900,0.896516,2
16,3016,60,6100,0.906249,2
16,3016,62,6300,0.915581,3
16,3016,64,6500,0.920321,3
16,3016,66,6700,0.930501,7
16,3016,68,6900,0.94347,15
16,3016,70,7100,0.951277,17
16,3016,72,7300,0.957578,16
16,3016,74,7500,0.960229,31
16,3016,76,7700,0.970009,32
16,3016,78,7900,0.980655,44
16,3016,80,8100,0.984943,38
16,3016,82,8300,1.00731,52
16,3016,84,8500,1.01409,70
16,3016,86,8700,1.02514,79
16,3016,88,8900,1.02818,100
16,3016,90,9100,1.03852,100
16,3016,92,9300,1.04009,100
16,3016,94,9500,1.04725,100
16,3016,96,9700,1.05133,100
16,3016,98,9900,1.05407,100
16,3016,100,10100,1.0588,100
16,3016,102,10300,1.06277,100
16,3016,104,10500,1.07291,100
16,3016,106,10700,1.07436,100
16,3016,108,10900,1.07763,100
16,3016,110,11100,1.08393,100
16,3016,112,11300,1.08398,100
16,3016,114,11500,1.08636,100
16,3016,116,11700,1.08941,100
16,3016,118,11900,1.09576,100
16,3016,120,12100,1.0958,100
16,3016,122,12300,1.09674,100
16,3016,124,12500,1.09844,100
16,3016,126,12700,1.10513,100
16,3016,128,12900,1.10723,100
16,3016,130,13100,1.11235,100
16,3016,132,13300,1.11367,100
16,3016,134,13500,1.11534,100
16,3016,136,13700,1.11564,100
16,3016,138,13900,1.11849,100
16,3016,140,14100,1.11962,100
16,3016,142,14300,1.11983,100
16,3016,144,14500,1.12249,100
16,3016,146,14700,1.12856,100
16,3016,148,14900,1.13258,100
16,3016,150,15100,1.13678,100
16,3016,152,15300,1.14057,100
16,3016,154,15500,1.14348,100
16,3016,156,15700,1.14819,100
16,3016,158,15900,1.15084,100
16,3016,160,16100,1.15626,100
16,3016,162,16300,1.1594,100
16,3016,164,16500,1.16472,100
16,3016,166,16700,1.16701,100
16,3016,168,16900,1.16897,100
16,3016,170,17100,1.16973,100
16,3016,172,17300,1.17129,100
16,3016,174,17500,1.17159,100
16,3016,176,17700,1.17546,100
16,3016,178,17900,1.1801,100
16,3016,180,18100,1.18063,100
16,3016,182,18300,1.18126,100
16,3016,184,18500,1.18138,100
16,3016,186,18700,1.18289,100
16,3016,188,18900,1.18309,100
16,3016,190,19100,1.1835,100
16,3016,192,19300,1.18396,100
16,3016,194,19500,1.18494,100
16,3016,196,19700,1.18808,100
16,3016,198,19900,1.19161,100
16,3016,199,20000,1.19243,100
17,3017,0,100,0.481868,1
17,3017,2,300,0.681404,1
17,3017,4,500,0.69604,1
17,3017,6,700,0.707357,1
17,3017,8,900,0.721797,1
17,3017,10,1100,0.725709,2
17,3017,12,1300,0.741562,1
17,3017,14,1500,0.748342,2
17,3017,16,1700,0.755221,1
17,3017,18,1900,0.770738,1
17,3017,20,2100,0.783065,1
17,3017,22,2300,0.787108,1
17,3017,24,2500,0.804386,1
17,3017,26,2700,0.811958,1
17,3017,28,2900,0.835608,2
17,3017,30,3100,0.837093,8
17,3017,32,3300,0.841727,3
17,3017,34,3500,0.858107,6
17,3017,36,3700,0.863721,9
17,3017,38,3900,0.872265,4
17,3017,40,4100,0.877057,6
17,3017,42,4300,0.883842,5
17,3017,44,4500,0.891074,11
17,3017,46,4700,0.912788,6
17,3017,48,4900,0.920692,18
17,3017,50,5100,0.925626,16
17,3017,52,5300,0.931641,9
17,3017,54,5500,0.944383,16
17,3017,56,5700,0.94567,15
17,3017,58,5900,0.957988,20
17,3017,60,6100,0.960211,22
17,3017,62,6300,0.978706,19
17,3017,64,6500,0.980225,33
17,3017,66,6700,0.980694,32
17,3017,68,6900,0.98932,40
17,3017,70,7100,0.997551,51
17,3017,72,7300,1.00536,35
17,3017,74,7500,1.01238,65
17,3017,76,7700,1.02546,65
17,3017,78,7900,1.02987,94
17,3017,80,8100,1.03138,89
17,3017,82,8300,1.0353,77
17,3017,84,8500,1.04042,100
17,3017,86,8700,1.04733,100
17,3017,88,8900,1.04837,96
17,3017,90,9100,1.05268,93
17,3017,92,9300,1.06211,100
17,3017,94,9500,1.07202,100
17,3017,96,9700,1.07302,100
17,3017,98,9900,1.07781,100
17,3017,100,10100,1.07805,100
17,3017,102,10300,1.08243,100
17,3017,104,10500,1.08546,100
17,3017,106,10700,1.09007,100
17,3017,108,10900,1.0902,100
17,3017,110,11100,1.09559,100
17,3017,112,11300,1.09621,100
17,3017,114,11500,1.09882,100
17,3017,116,11700,1.099,100
17,3017,118,11900,1.10166,100
17,3017,120,12100,1.10412,100
17,3017,122,12300,1.10701,100
17,3017,124,12500,1.11109,100
17,3017,126,12700,1.11308,100
17,3017,128,12900,1.11416,100
17,3017,130,13100,1.11729,100
17,3017,132,13300,1.1205,100
17,3017,134,13500,1.12574,100
17,3017,136,13700,1.12606,100
17,3017,138,13900,1.12697,100
17,3017,140,14100,1.13208,100
17,3017,142,14300,1.13523,100
17,3017,144,14500,1.13951,100
17,3017,146,14700,1.14107,100
17,3017,148,14900,1.14442,100
17,3017,150,15100,1.14446,100
17,3017,152,15300,1.14967,100
17,3017,154,15500,1.15073,100
17,3017,156,15700,1.15505,100
17,3017,158,15900,1.15518,100
17,3017,160,16100,1.15759,100
17,3017,162,16300,1.15881,100
17,3017,164,16500,1.15924,100
17,3017,166,16700,1.16139,100
17,3017,168,16900,1.16416,100
17,3017,170,17100,1.16435,100
17,3017,172,17300,1.16534,100
17,3017,174,17500,1.16548,100
17,3017,176,17700,1.16676,100
17,3017,178,17900,1.16691,100
17,3017,180,18100,1.16691,100
17,3017,182,18300,1.16975,100
17,3017,184,18500,1.17094,100
17,3017,186,18700,1.17171,100
17,3017,188,18900,1.17271,100
17,3017,190,19100,1.17282,100
17,3017,192,19300,1.17451,100
17,3017,194,19500,1.17727,100
17,3017,196,19700,1.17729,100
17,3017,198,19900,1.17783,100
17,3017,199,20000,1.17842,100
18,3018,0,100,0.40181,1
18,3018,2,300,0.732568,1
18,3018,4,500,0.74233,2
18,3018,6,700,0.748655,1
18,3018,8,900,0.758588,2
18,3018,10,1100,0.772417,1
18,3018,12,1300,0.781205,1
18,3018,14,1500,0.790548,1
18,3018,16,1700,0.801902,1
18,3018,18,1900,0.825395,1
18,3018,20,2100,0.844124,1
18,3018,22,2300,0.849504,1
18,3018,24,2500,0.857721,1
18,3018,26,2700,0.862531,3
18,3018,28,2900,0.867933,1
18,3018,30,3100,0.879622,2
18,3018,32,3300,0.897578,2
18,3018,34,3500,0.899621,2
18,3018,36,3700,0.908607,1
18,3018,38,3900,0.92212,5
18,3018,40,4100,0.924119,7
18,3018,42,4300,0.94293,16
18,3018,44,4500,0.956575,18
18,3018,46,4700,0.961681,16
18,3018,48,4900,0.967878,25
18,3018,50,5100,0.983231,21
18,3018,52,5300,0.98856,46
18,3018,54,5500,0.994364,41
18,3018,56,5700,1.00844,34
18,3018,58,5900,1.01198,47
18,3018,60,6100,1.01854,35
18,3018,62,6300,1.02717,30
18,3018,64,6500,1.0298,38
18,3018,66,6700,1.04513,38
18,3018,68,6900,1.04739,54
18,3018,70,7100,1.05084,65
18,3018,72,7300,1.05903,47
18,3018,74,7500,1.06837,59
18,3018,76,7700,1.07781,100
18,3018,78,7900,1.07894,71
18,3018,80,8100,1.08176,100
18,3018,82,8300,1.08336,100
18,3018,84,8500,1.08719,100
18,3018,86,8700,1.08997,100
18,3018,88,8900,1.09916,100
18,3018,90,9100,1.09973,100
18,3018,92,9300,1.10302,100
18,3018,94,9500,1.10443,100
18,3018,96,9700,1.10865,100
18,3018,98,9900,1.10908,100
18,3018,100,10100,1.10965,100
18,3018,102,10300,1.11232,100
18,3018,104,10500,1.11532,100
18,3018,106,10700,1.11622,100
18,3018,108,10900,1.12148,100
18,3018,110,11100,1.12569,100
18,3018,112,11300,1.12685,100
18,3018,114,11500,1.12841,100
18,3018,116,11700,1.13226,100
18,3018,118,11900,1.13632,100
18,3018,120,12100,1.13865,100
18,3018,122,12300,1.13931,100
18,3018,124,12500,1.14201,100
18,3018,126,12700,1.14333,100
18,3018,128,12900,1.14549,100
18,3018,130,13100,1.14625,100
18,3018,132,13300,1.14666,100
18,3018,134,13500,1.14928,100
18,3018,136,13700,1.14945,100
18,3018,138,13900,1.14964,100
18,3018,140,14100,1.15152,100
18,3018,142,14300,1.15143,100
18,3018,144,14500,1.15239,100
18,3018,146,14700,1.15415,100
18,3018,148,14900,1.15417,100
18,3018,150,15100,1.15665,100
18,3018,152,15300,1.1575,100
18,3018,154,15500,1.16008,100
18,3018,156,15700,1.16194,100
18,3018,158,15900,1.16362,100
18,3018,160,16100,1.16367,100
18,3018,162,16300,1.16463,100
18,3018,164,16500,1.16629,100
18,3018,166,16700,1.16713,100
18,3018,168,16900,1.16758,100
18,3018,170,17100,1.1684,100
18,3018,172,17300,1.16873,100
18,3018,174,17500,1.16896,100
18,3018,176,17700,1.16933,100
18,3018,178,17900,1.1718,100
18,3018,180,18100,1.17409,100
18,3018,182,18300,1.17536,100
18,3018,184,18500,1.17525,100
18,3018,186,18700,1.17659,100
18,3018,188,18900,1.17806,100
18,3018,190,19100,1.18168,100
18,3018,192,19300,1.18223,100
18,3018,194,19500,1.18394,100
18,3018,196,19700,1.18775,100
18,3018,198,19900,1.18777,100
18,3018,199,20000,1.18883,100
19,3019,0,100,0.472181,1
19,3019,2,300,0.70458,1
19,3019,4,500,0.721589,1
19,3019,6,700,0.728523,1
19,3019,8,900,0.732981,2
19,3019,10,1100,0.744032,1
19,3019,12,1300,0.758034,1
19,3019,14,1500,0.766419,2
19,3019,16,1700,0.771854,2
19,3019,18,1900,0.782419,1
19,3019,20,2100,0.795002,1
19,3019,22,2300,0.801074,1
19,3019,24,2500,0.811665,2
19,3019,26,2700,0.820097,1
19,3019,28,2900,0.829698,1
19,3019,30,3100,0.851048,1
19,3019,32,3300,0.860925,2
19,3019,34,3500,0.865983,1
19,3019,36,3700,0.887942,1
19,3019,38,3900,0.895723,1
19,3019,40,4100,0.900299,2
19,3019,42,4300,0.93203,1
19,3019,44,4500,0.941361,1
19,3019,46,4700,0.944592,1
19,3019,48,4900,0.950807,5
19,3019,50,5100,0.959331,7
19,3019,52,5300,0.964201,10
19,3019,54,5500,0.970685,9
19,3019,56,5700,0.975984,16
19,3019,58,5900,0.985634,34
19,3019,60,6100,0.99275,48
19,3019,62,6300,1.002,51
19,3019,64,6500,1.01103,61
19,3019,66,6700,1.01858,62
19,3019,68,6900,1.02223,90
19,3019,70,7100,1.03254,99
19,3019,72,7300,1.03348,100
19,3019,74,7500,1.03957,100
19,3019,76,7700,1.0491,100
19,3019,78,7900,1.05378,100
19,3019,80,8100,1.05785,100
19,3019,82,8300,1.0615,100
19,3019,84,8500,1.06342,100
19,3019,86,8700,1.06894,100
19,3019,88,8900,1.07495,100
19,3019,90,9100,1.07655,100
19,3019,92,9300,1.08194,100
19,3019,94,9500,1.08798,100
19,3019,96,9700,1.0923,100
19,3019,98,9900,1.09461,100
19,3019,100,10100,1.09756,100
19,3019,102,10300,1.102,100
19,3019,104,10500,1.11395,100
19,3019,106,10700,1.11479,100
19,3019,108,10900,1.11925,100
19,3019,110,11100,1.12319,100
19,3019,112,11300,1.12848,100
19,3019,114,11500,1.13018,100
19,3019,116,11700,1.13509,100
19,3019,118,11900,1.14131,100
19,3019,120,12100,1.14193,100
19,3019,122,12300,1.14613,100
19,3019,124,12500,1.14827,100
19,3019,126,12700,1.14879,100
19,3019,128,12900,1.14987,100
19,3019,130,13100,1.1511,100
19,3019,132,13300,1.15338,100
19,3019,134,13500,1.15364,100
19,3019,136,13700,1.15507,100
19,3019,138,13900,1.15583,100
19,3019,140,14100,1.15698,100
19,3019,142,14300,1.15756,100
19,3019,144,14500,1.16491,100
19,3019,146,14700,1.1656,100
19,3019,148,14900,1.16738,100
19,3019,150,15100,1.1695,100
19,3019,152,15300,1.16929,100
19,3019,154,15500,1.17002,100
19,3019,156,15700,1.17375,100
19,3019,158,15900,1.1738,100
19,3019,160,16100,1.17515,100
19,3019,162,16300,1.18038,100
19,3019,164,16500,1.18165,100
19,3019,166,16700,1.18292,100
19,3019,168,16900,1.18357,100
19,3019,170,17100,1.18596,100
19,3019,172,17300,1.18633,100
19,3019,174,17500,1.18698,100
19,3019,176,17700,1.18712,100
19,3019,178,17900,1.18826,100
19,3019,180,18100,1.18862,100
19,3019,182,18300,1.18896,100
19,3019,184,18500,1.19029,100
19,3019,186,18700,1.1909,100
19,3019,188,18900,1.1915,100
19,3019,190,19100,1.19199,100
19,3019,192,19300,1.193,100
19,3019,194,19500,1.19309,100
19,3019,196,19700,1.19378,100
19,3019,198,19900,1.1938,100
19,3019,199,20000,1.19402,100
