run,seed,gen,evals,best_train,best_size,mean_size,median_size,nodes
0,4000,0,200,0.0652376,15,12.47,10,2494
0,4000,2,521,0.060711,10,7.6,6,4635
0,4000,4,842,0.0598283,8,6.375,5,6299
0,4000,6,1158,0.0598283,8,5.195,4,7688
0,4000,8,1467,0.0598283,10,5.555,5,8984
0,4000,10,1766,0.0598283,10,5.06,5,10313
0,4000,12,2072,0.0596457,12,5.905,5,11772
0,4000,14,2357,0.0563345,4,7.025,6,13367
0,4000,16,2688,0.0563345,4,5.395,5,15071
0,4000,18,2994,0.055912,4,4.635,4,16324
0,4000,20,3284,0.055912,4,4.515,4,17484
0,4000,22,3588,0.055912,4,4.38,4,18666
0,4000,24,3865,0.055912,4,4.045,4,19670
0,4000,26,4138,0.055912,4,4.07,4,20623
0,4000,28,4429,0.055912,4,4.07,4,21581
0,4000,30,4722,0.055912,4,4.225,4,22617
0,4000,32,5006,0.055912,4,4.11,4,23649
0,4000,34,5286,0.055912,4,4.07,4,24598
0,4000,36,5563,0.055912,4,3.94,4,25546
0,4000,38,5834,0.055912,4,3.465,4,26379
0,4000,40,6123,0.055912,4,3.085,3.5,27106
0,4000,42,6412,0.0543977,7,3.295,3,27865
0,4000,44,6695,0.0543977,7,2.98,3,28535
0,4000,46,6989,0.0543977,9,2.675,2,29113
0,4000,48,7299,0.0543977,9,3.31,2,29811
0,4000,50,7601,0.0543977,9,4.155,3,30619
0,4000,52,7897,0.0543977,9,4.96,4,31525
0,4000,54,8201,0.0543977,9,5.17,4,32755
0,4000,56,8504,0.0538969,12,5.69,4,34064
0,4000,58,8802,0.0538969,12,5.915,5,35474
0,4000,60,9065,0.0538969,12,8.035,7,37060
0,4000,62,9338,0.0538098,14,8.01,8,38728
0,4000,64,9625,0.0533594,15,8.545,8,40681
0,4000,66,9923,0.0533594,15,8.985,8,42742
0,4000,68,10225,0.0533594,15,9.135,8,44922
0,4000,70,10546,0.0533594,15,8.06,7,47223
0,4000,72,10841,0.0528966,10,8.015,7,49172
0,4000,74,11144,0.0528966,10,8.12,7,51245
0,4000,76,11432,0.0527904,11,8.315,8,53287
0,4000,78,11709,0.0527904,11,9.545,9,55339
0,4000,80,12019,0.0527904,11,7.68,7,57426
0,4000,82,12287,0.0527904,11,8.205,8,59243
0,4000,84,12583,0.0527904,11,8.165,7,61267
0,4000,86,12886,0.0527904,11,8.51,8,63524
0,4000,88,13167,0.0527904,11,9.68,10,65711
0,4000,90,13445,0.0527904,11,9.665,9,67839
0,4000,92,13733,0.0527904,11,9.565,9,70083
0,4000,94,14026,0.0527904,11,9.985,10,72538
0,4000,96,14316,0.0527904,11,9.615,9,74925
0,4000,98,14604,0.0527904,11,9.065,9,77138
0,4000,100,14891,0.0527904,11,8.61,9,79256
0,4000,102,15169,0.0527904,11,9.185,9,81422
0,4000,104,15456,0.0527238,18,10.4,9,83858
0,4000,106,15748,0.0527238,18,10.975,10,86442
0,4000,108,16021,0.0527238,18,12.635,11,89125
0,4000,110,16291,0.0527238,18,13.635,14,92101
0,4000,112,16555,0.0527238,18,14.6,15,95339
0,4000,114,16832,0.0527238,18,13.87,14,98534
0,4000,116,17107,0.0527238,18,13.975,14,101783
0,4000,118,17389,0.0527238,18,13.745,13,105173
0,4000,120,17684,0.0527238,18,13.12,12.5,108631
0,4000,122,17978,0.0527238,18,12.935,13,111925
0,4000,124,18251,0.0527238,18,12.62,12,114911
0,4000,126,18535,0.0527238,18,13.14,13,118058
0,4000,128,18820,0.0527238,18,12.395,12,121111
0,4000,130,19098,0.0527238,20,11.78,11,123850
0,4000,132,19384,0.0527238,20,11.9,11,126728
0,4000,134,19664,0.0527238,20,12.635,12,129791
0,4000,136,19943,0.0527238,20,13.895,13,132899
0,4000,137,20000,0.0527238,20,12.65,12,133495
1,4001,0,200,0.0661845,16,13.62,10,2724
1,4001,2,549,0.0577447,10,6.465,6,4916
1,4001,4,878,0.054588,6,4.245,3,6150
1,4001,6,1188,0.054588,6,4.475,3,7229
1,4001,8,1504,0.054588,8,4.615,3,8359
1,4001,10,1807,0.0541157,6,4.66,3,9490
1,4001,12,2105,0.0535244,11,5.085,3,10674
1,4001,14,2402,0.0535244,11,5.28,4,11867
1,4001,16,2686,0.0534789,11,7.82,8,13459
1,4001,18,2954,0.0534789,11,9.435,9,15529
1,4001,20,3248,0.0534789,11,7.715,7,17566
1,4001,22,3538,0.0534789,11,7.61,6,19406
1,4001,24,3840,0.0534789,11,7.335,6,21296
1,4001,26,4132,0.0534789,11,7.435,6,23015
1,4001,28,4437,0.0534789,11,6.61,6,24778
1,4001,30,4740,0.0534789,11,6.745,6,26543
1,4001,32,5040,0.0534789,11,6.885,6,28259
1,4001,34,5336,0.0534789,11,7.09,6,29987
1,4001,36,5637,0.0534789,11,6.99,6,31806
1,4001,38,5935,0.0534789,11,6.85,6,33538
1,4001,40,6233,0.0534789,11,7.4,6,35380
1,4001,42,6545,0.0534789,11,6.765,6,37231
1,4001,44,6834,0.0534789,11,7.325,6,38956
1,4001,46,7118,0.0534789,11,7.205,6,40606
1,4001,48,7409,0.0534789,11,6.88,6,42238
1,4001,50,7712,0.0534789,11,6.295,6,43898
1,4001,52,8019,0.0534789,11,6.66,6,45603
1,4001,54,8313,0.0534789,11,7.565,6,47377
1,4001,56,8613,0.0534789,11,7.965,7,49279
1,4001,58,8910,0.0534789,11,7.395,6,51094
1,4001,60,9212,0.0534789,11,6.82,6,52864
1,4001,62,9513,0.0534789,11,6.795,6,54620
1,4001,64,9813,0.0534789,11,7.175,6,56427
1,4001,66,10112,0.0534789,11,8.565,7,58514
1,4001,68,10423,0.0534789,11,7.485,6,60499
1,4001,70,10727,0.0534789,11,6.965,6,62342
1,4001,72,11021,0.0534789,11,7.095,6,64093
1,4001,74,11308,0.0534789,11,7.67,7,65874
1,4001,76,11597,0.0534789,11,7.15,6,67653
1,4001,78,11908,0.0534789,11,6.53,6,69407
1,4001,80,12226,0.0534591,12,6.835,6,71248
1,4001,82,12516,0.0534591,12,7.56,7,73070
1,4001,84,12825,0.0534591,12,7.44,6,75009
1,4001,86,13129,0.0534591,14,7.86,6,76942
1,4001,88,13424,0.0534591,14,9.905,7.5,79199
1,4001,90,13721,0.0534445,14,11.405,9,81871
1,4001,92,14000,0.0534445,14,12.83,12,84510
1,4001,94,14289,0.0534445,14,13.035,12,87477
1,4001,96,14587,0.0534445,14,12.05,12,90487
1,4001,98,14876,0.0534445,14,12.165,12,93435
1,4001,100,15160,0.0534445,14,12.34,12,96344
1,4001,102,15444,0.0534445,14,12.73,12,99287
1,4001,104,15733,0.0534445,14,11.66,11,102078
1,4001,106,16022,0.0534445,14,11.47,11,104931
1,4001,108,16308,0.0534445,14,11.565,11,107769
1,4001,110,16602,0.0534445,14,10.63,10,110410
1,4001,112,16895,0.0534445,14,11.13,11,113167
1,4001,114,17179,0.0534445,14,13.355,12.5,116075
1,4001,116,17465,0.0534445,14,12.22,12.5,119036
1,4001,118,17755,0.0534445,14,11.405,11,121845
1,4001,120,18052,0.0534445,14,11.7,11,124761
1,4001,122,18338,0.0534445,14,11.83,11,127614
1,4001,124,18651,0.0534445,14,11.04,10.5,130552
1,4001,126,18934,0.0534445,14,13.55,12,133636
1,4001,128,19249,0.0534445,14,12.63,12,136966
1,4001,130,19536,0.0534445,14,12.025,12,139877
1,4001,132,19838,0.0534445,14,12.135,11,142942
1,4001,134,20000,0.0534445,14,12.02,11,144560
2,4002,0,200,0.0674722,7,11.765,8,2353
2,4002,2,532,0.0594697,4,6.425,5.5,4338
2,4002,4,857,0.0540226,8,4.35,4,5517
2,4002,6,1136,0.0540226,8,4.095,4,6431
2,4002,8,1437,0.0540226,8,5.11,4,7593
2,4002,10,1757,0.0540226,8,4.75,4,8967
2,4002,12,2064,0.0540226,8,4.37,4,10159
2,4002,14,2370,0.0540226,8,4.625,4,11379
2,4002,16,2679,0.0540226,8,4.49,4,12611
2,4002,18,2993,0.0540226,8,4.545,4,13832
2,4002,20,3313,0.0540226,8,4.43,4,15073
2,4002,22,3611,0.0540226,8,4.51,4,16236
2,4002,24,3922,0.0540226,8,4.5,4,17447
2,4002,26,4234,0.0540226,8,4.78,4,18711
2,4002,28,4540,0.0540226,8,4.485,4,19911
2,4002,30,4841,0.0540226,8,4.57,4,21106
2,4002,32,5146,0.0540226,8,4.49,4,22303
2,4002,34,5448,0.0540226,8,4.79,4,23549
2,4002,36,5741,0.0540226,8,5.005,4,24792
2,4002,38,6057,0.0540226,8,4.615,4,26056
2,4002,40,6351,0.0540226,8,4.665,4,27215
2,4002,42,6658,0.0540226,8,4.57,4,28474
2,4002,44,6964,0.0540226,8,4.735,4,29742
2,4002,46,7269,0.0540226,8,4.47,4,30999
2,4002,48,7583,0.0540226,8,4.61,4,32264
2,4002,50,7884,0.0540226,8,4.91,4,33491
2,4002,52,8170,0.0540226,8,4.485,4,34594
2,4002,54,8487,0.0540226,8,4.365,4,35810
2,4002,56,8797,0.0540226,8,4.53,4,37049
2,4002,58,9102,0.0540226,8,4.55,4,38294
2,4002,60,9410,0.0540226,8,4.415,4,39558
2,4002,62,9717,0.0540226,8,4.85,4,40812
2,4002,64,10020,0.0540226,8,4.655,4,42043
2,4002,66,10335,0.0540226,8,4.33,4,43294
2,4002,68,10640,0.0540226,8,4.34,4,44452
2,4002,70,10945,0.0540226,8,4.665,4,45678
2,4002,72,11233,0.0540226,8,4.84,4,46779
2,4002,74,11534,0.0540226,8,4.965,4,47989
2,4002,76,11838,0.0540226,8,4.91,4,49244
2,4002,78,12155,0.0540226,8,4.385,4,50428
2,4002,80,12458,0.0540226,8,4.575,4,51607
2,4002,82,12781,0.0540226,8,4.28,4,52903
2,4002,84,13093,0.0536669,7,4.6,4,54160
2,4002,86,13399,0.0536669,7,5.15,5,55470
2,4002,88,13710,0.0536669,7,5.345,5,56940
2,4002,90,13995,0.0536669,7,5.435,5,58231
2,4002,92,14294,0.0536669,7,5.135,5,59573
2,4002,94,14573,0.0536669,7,5.17,5,60713
2,4002,96,14888,0.0536669,7,5.185,5,62108
2,4002,98,15184,0.0533378,7,5.31,5,63442
2,4002,100,15481,0.0533378,7,6.015,6,64877
2,4002,102,15778,0.0533378,7,5.895,5,66399
2,4002,104,16063,0.0533378,7,5.885,6,67868
2,4002,106,16351,0.0533378,7,5.78,6,69364
2,4002,108,16629,0.0533378,7,5.99,6,70720
2,4002,110,16903,0.0533378,7,6.21,6,72124
2,4002,112,17204,0.0533378,7,6.035,6,73723
2,4002,114,17497,0.0533378,7,6.23,6,75361
2,4002,116,17784,0.0533378,7,6.115,6,76901
2,4002,118,18064,0.0531166,11,6.95,6,78574
2,4002,120,18354,0.0531166,11,8.255,7,80487
2,4002,122,18655,0.0531166,11,7.45,7,82432
2,4002,124,18937,0.0531166,11,7.41,7,84162
2,4002,126,19235,0.0531166,11,7.56,7,86078
2,4002,128,19532,0.0531166,11,7.545,7,88000
2,4002,130,19815,0.0531166,11,7.875,7,89775
2,4002,132,20000,0.0531166,11,8.025,8,91032
3,4003,0,200,0.0573,4,12.74,9,2548
3,4003,2,547,0.0536989,20,7.225,5,4878
3,4003,4,889,0.0533003,7,5.715,5,6477
3,4003,6,1171,0.0533003,7,6.235,5,7829
3,4003,8,1484,0.0533003,7,5.69,5,9306
3,4003,10,1752,0.0532221,10,6.28,6,10602
3,4003,12,2049,0.0529334,11,7.555,6,12365
3,4003,14,2320,0.0529334,13,10.115,9,14514
3,4003,16,2610,0.0529334,13,10.68,10,17065
3,4003,18,2888,0.0529326,12,10.08,10,19396
3,4003,20,3167,0.0529326,12,11.035,11,21978
3,4003,22,3444,0.052752,11,11.42,11,24606
3,4003,24,3726,0.052752,11,10.635,11,27208
3,4003,26,4019,0.052752,11,10.98,11,30045
3,4003,28,4321,0.0527423,23,10.55,10,32822
3,4003,30,4599,0.0527423,23,11.195,10,35256
3,4003,32,4901,0.0527423,23,11.64,11,38170
3,4003,34,5193,0.0527423,23,12.115,11,41148
3,4003,36,5482,0.0527423,23,14.4,12,44302
3,4003,38,5774,0.0527423,23,15.42,13,48006
3,4003,40,6087,0.0527423,23,14.13,13,51802
3,4003,42,6381,0.0527218,31,15.98,13,55323
3,4003,44,6697,0.0527218,31,14.155,12,58972
3,4003,46,7021,0.0527124,30,15.955,13,63269
3,4003,48,7324,0.0527001,30,16.12,13,67134
3,4003,50,7626,0.0527001,30,17.425,14,71314
3,4003,52,7924,0.0526908,29,18.44,15,75611
3,4003,54,8206,0.0526908,29,21.155,21.5,80388
3,4003,56,8476,0.0526908,29,24.21,27,85573
3,4003,58,8734,0.0526908,29,24.245,26,90861
3,4003,60,9026,0.0526908,29,19.985,18,96056
3,4003,62,9291,0.0526908,29,21.75,22,100452
3,4003,64,9574,0.0526873,29,21.075,20.5,105156
3,4003,66,9872,0.0526873,29,19.625,18,110268
3,4003,68,10171,0.0526873,29,19.17,17,115106
3,4003,70,10446,0.0526873,29,23.36,24,120077
3,4003,72,10703,0.0526873,29,22.645,23.5,124610
3,4003,74,10985,0.0526873,29,22.18,19.5,129564
3,4003,76,11275,0.0526873,29,23.56,20.5,135164
3,4003,78,11542,0.0526873,29,27.085,27,140841
3,4003,80,11817,0.0526781,29,26.95,29,147075
3,4003,82,12085,0.0526639,30,26.355,28,153267
3,4003,84,12350,0.0526592,31,25.865,28,159222
3,4003,86,12616,0.0526331,29,26.585,28,164988
3,4003,88,12896,0.0526331,29,26.71,27,171170
3,4003,90,13175,0.0526331,29,25.94,25,177393
3,4003,92,13468,0.0526296,30,25.495,23,183667
3,4003,94,13742,0.0526296,30,27.6,25,189485
3,4003,96,14041,0.0526296,32,25.09,24,195817
3,4003,98,14316,0.0526296,32,25.155,24,201596
3,4003,100,14601,0.0526296,32,26.39,25,207878
3,4003,102,14889,0.0526296,32,27.63,27,214638
3,4003,104,15161,0.0526296,32,26.095,27,220703
3,4003,106,15436,0.0526296,32,24.86,26,226673
3,4003,108,15711,0.0526296,32,23.985,24,232435
3,4003,110,15978,0.0526296,32,24.78,25,238005
3,4003,112,16243,0.0526296,32,26.045,27,243851
3,4003,114,16533,0.0526296,32,26.98,26,250510
3,4003,116,16800,0.0526296,32,27.695,26,256628
3,4003,118,17112,0.0526296,32,22.265,22,262938
3,4003,120,17399,0.0526296,32,21.6,21,268108
3,4003,122,17702,0.0526296,32,20.935,20,273572
3,4003,124,18003,0.0526296,32,20.085,19,278824
3,4003,126,18303,0.0526296,32,19.22,19,283938
3,4003,128,18596,0.0526296,32,18.665,18,288657
3,4003,130,18882,0.0526296,32,18.81,18,293112
3,4003,132,19178,0.0526296,32,18.99,17,297933
3,4003,134,19486,0.0526296,32,18.92,17,303028
3,4003,136,19778,0.0526296,32,18.735,17,307614
3,4003,138,20000,0.0526296,32,20.895,18.5,311409
4,4004,0,200,0.060332,15,13.27,9,2654
4,4004,2,556,0.058846,8,5.71,5,4741
4,4004,4,869,0.0538126,11,5.12,4,6044
4,4004,6,1176,0.0538126,11,5.965,5,7552
4,4004,8,1514,0.0538126,11,4.545,4,8982
4,4004,10,1813,0.0538126,11,5.14,4,10213
4,4004,12,2153,0.0538126,11,4.67,4,11631
4,4004,14,2469,0.0538126,11,4.755,4,12953
4,4004,16,2779,0.0538126,11,4.785,4,14231
4,4004,18,3108,0.0538126,11,4.725,4,15623
4,4004,20,3414,0.0538126,11,4.95,4,16875
4,4004,22,3732,0.0538126,11,4.62,4,18113
4,4004,24,4035,0.0538126,11,4.905,4,19336
4,4004,26,4355,0.0538126,11,4.855,4,20697
4,4004,28,4664,0.0538126,13,5.295,4,22013
4,4004,30,4988,0.0538126,13,5.475,4,23411
4,4004,32,5314,0.0538126,13,6.075,4,24973
4,4004,34,5652,0.0538126,13,5.11,4,26361
4,4004,36,6001,0.0538126,13,5.015,4,27870
4,4004,38,6338,0.0538126,13,5.305,4,29297
4,4004,40,6665,0.0538126,13,5.225,4,30673
4,4004,42,6997,0.0538126,13,5.525,4,32059
4,4004,44,7336,0.0538126,13,4.845,4,33407
4,4004,46,7648,0.0538126,13,6.055,4.5,34850
4,4004,48,7977,0.0538126,13,5.565,4,36337
4,4004,50,8324,0.0538126,13,5.495,4,37862
4,4004,52,8650,0.0538126,13,5.34,4,39334
4,4004,54,8980,0.0538126,13,5.04,4,40691
4,4004,56,9321,0.0538126,13,4.995,4,42136
4,4004,58,9638,0.0538126,13,5.705,4,43582
4,4004,60,9975,0.0538126,13,4.955,4,44958
4,4004,62,10289,0.0538126,13,4.935,4,46216
4,4004,64,10605,0.0538126,13,5.665,4,47700
4,4004,66,10913,0.0538126,13,5.995,4,49141
4,4004,68,11252,0.0538126,13,4.885,4,50527
4,4004,70,11563,0.0538126,13,4.78,4,51786
4,4004,72,11892,0.0538126,13,5.23,4,53281
4,4004,74,12235,0.0538126,13,4.905,4,54710
4,4004,76,12548,0.0538126,13,5.34,4,56038
4,4004,78,12879,0.0538126,13,5.16,4,57451
4,4004,80,13213,0.0538126,13,5.21,4,59057
4,4004,82,13543,0.0538126,13,5.205,4,60504
4,4004,84,13878,0.0538126,13,5.475,4,61975
4,4004,86,14191,0.0538126,13,5.645,4,63418
4,4004,88,14523,0.0538126,13,4.76,4,64797
4,4004,90,14834,0.0538126,13,5.9,4,66209
4,4004,92,15155,0.0538126,13,5.46,4,67625
4,4004,94,15481,0.0538126,13,5.315,4,69034
4,4004,96,15790,0.0538126,15,5.51,4,70316
4,4004,98,16121,0.0538126,15,5.015,4,71746
4,4004,100,16446,0.0538126,15,5.995,4,73187
4,4004,102,16782,0.0537796,16,6.065,4,74751
4,4004,104,17118,0.0537796,18,6.27,4,76415
4,4004,106,17418,0.0537796,18,7.185,6,78094
4,4004,108,17733,0.0537796,18,7.125,6,79980
4,4004,110,18036,0.0537796,18,8.44,6,82059
4,4004,112,18351,0.0536873,25,8.015,7,84112
4,4004,114,18662,0.0536873,25,8.33,7,86091
4,4004,116,18998,0.0536873,25,8.345,6,88563
4,4004,118,19317,0.0536873,27,9.425,6.5,90564
4,4004,120,19646,0.0536873,27,8.35,6,92866
4,4004,122,19982,0.0536873,27,7.185,6,95010
4,4004,123,20000,0.0536873,27,8.535,6,95157
5,4005,0,200,0.0674722,12,13.035,8.5,2607
5,4005,2,542,0.0560712,4,6.705,6,4806
5,4005,4,857,0.0560712,4,4.385,3,5905
5,4005,6,1142,0.0560712,4,3.91,4,6785
5,4005,8,1431,0.0560712,6,3.07,3,7619
5,4005,10,1723,0.0560712,6,3.87,4,8451
5,4005,12,2010,0.0560712,6,3.995,4,9386
5,4005,14,2296,0.0560712,6,4.4,4,10500
5,4005,16,2590,0.0560712,6,4.57,4,11673
5,4005,18,2888,0.0560712,6,4.385,4,12843
5,4005,20,3194,0.0560712,6,4.595,4,14049
5,4005,22,3474,0.0560712,6,4.945,4,15236
5,4005,24,3777,0.0560712,6,4.705,4,16536
5,4005,26,4070,0.0560712,6,4.49,4,17700
5,4005,28,4345,0.0560712,6,5.215,5,18913
5,4005,30,4639,0.0559055,4,5.23,5,20240
5,4005,32,4932,0.0554983,8,4.935,4,21481
5,4005,34,5233,0.0554983,8,5.04,4,22729
5,4005,36,5557,0.0554983,8,5.24,4,24114
5,4005,38,5860,0.0546834,8,5.435,4,25442
5,4005,40,6177,0.0546834,8,5.565,4,26886
5,4005,42,6468,0.0539135,17,6.465,5,28273
5,4005,44,6769,0.0539135,17,6.94,5,29778
5,4005,46,7099,0.0539135,17,7.505,5,31572
5,4005,48,7370,0.0539135,17,10.245,8.5,33540
5,4005,50,7656,0.0537518,22,12.25,12,36264
5,4005,52,7918,0.0537518,26,15.73,15,39406
5,4005,54,8179,0.0537518,26,18.185,15.5,42800
5,4005,56,8459,0.0534573,19,19.935,17,46920
5,4005,58,8773,0.0534573,19,18.035,16,51828
5,4005,60,9071,0.0534573,21,17.57,17,56401
5,4005,62,9354,0.0534459,13,16.6,17,60503
5,4005,64,9643,0.0534459,19,14.725,14,63980
5,4005,66,9946,0.0534459,19,14.555,13,67732
5,4005,68,10248,0.0534448,19,13.495,13,71195
5,4005,70,10528,0.0534448,19,13.905,13,74507
5,4005,72,10826,0.0534448,19,13.08,13,77948
5,4005,74,11119,0.0534448,19,13.095,13,81278
5,4005,76,11387,0.0534448,19,12.88,13,83974
5,4005,78,11692,0.0534448,19,10.835,9.5,86739
5,4005,80,11990,0.0534448,19,11.62,10,89442
5,4005,82,12304,0.0534448,19,11.74,10,92397
5,4005,84,12622,0.0534448,19,10.455,9,95314
5,4005,86,12919,0.0534448,19,10.69,10,97990
5,4005,88,13209,0.0534448,19,12.205,10,100869
5,4005,90,13507,0.0534448,19,12.625,11,104005
5,4005,92,13778,0.0534448,19,13.285,12,106749
5,4005,94,14087,0.0534448,19,10.86,10,109620
5,4005,96,14380,0.0534448,19,11.545,10,112404
5,4005,98,14675,0.0534448,19,11.37,10,115097
5,4005,100,14976,0.0534448,23,10.81,10,117767
5,4005,102,15292,0.0534448,23,10.63,9,120718
5,4005,104,15586,0.0534448,23,10.965,10,123315
5,4005,106,15891,0.0534448,23,10.09,9,125776
5,4005,108,16189,0.0534448,23,11.325,9,128486
5,4005,110,16473,0.0534448,23,13.99,12,131413
5,4005,112,16765,0.0534448,23,13.925,13,134739
5,4005,114,17052,0.0534448,23,14.265,13,138054
5,4005,116,17371,0.0534448,23,13.175,12,141700
5,4005,118,17656,0.0534448,23,14.385,14,145027
5,4005,120,17962,0.0534448,23,14.27,13,148840
5,4005,122,18260,0.0533815,12,14.095,13,152413
5,4005,124,18552,0.0531465,24,13.89,13,155734
5,4005,126,18843,0.0531465,24,13.045,12,158809
5,4005,128,19137,0.0529985,25,13.695,12,162114
5,4005,130,19430,0.0529462,52,16.04,13,165811
5,4005,132,19722,0.0529166,70,22.83,20,170721
5,4005,134,20000,0.0526852,42,28.635,23.5,176469
6,4006,0,200,0.0543309,7,12.83,9,2566
6,4006,2,546,0.0538876,7,7.56,7,5059
6,4006,4,881,0.0538876,7,5.215,3,6574
6,4006,6,1209,0.0538876,7,3.545,3,7615
6,4006,8,1546,0.0538876,7,3.425,3,8556
6,4006,10,1867,0.0538876,7,4.29,3,9518
6,4006,12,2173,0.0538876,7,4.345,3,10476
6,4006,14,2492,0.0538876,7,4.46,3,11526
6,4006,16,2761,0.0536597,11,6.48,5,12796
6,4006,18,3033,0.0536597,11,8.945,9,14529
6,4006,20,3305,0.0536367,15,9.24,9,16580
6,4006,22,3577,0.0534458,7,10.285,9,18785
6,4006,24,3876,0.0534458,7,8.7,8,20978
6,4006,26,4167,0.0534458,7,8.555,7,23089
6,4006,28,4468,0.0534458,7,7.735,7,25098
6,4006,30,4775,0.0534458,7,7.22,7,26953
6,4006,32,5075,0.0534458,7,7.44,7,28819
6,4006,34,5365,0.0534458,7,7.495,7,30654
6,4006,36,5670,0.0534458,7,7.55,7,32628
6,4006,38,5976,0.0534458,7,7.17,7,34571
6,4006,40,6286,0.0534458,7,6.875,7,36452
6,4006,42,6560,0.0534458,7,7.095,7,38117
6,4006,44,6865,0.0534458,7,6.935,7,39997
6,4006,46,7146,0.0534458,7,6.81,7,41623
6,4006,48,7452,0.0534458,7,5.005,4.5,42956
6,4006,50,7763,0.0534458,7,5,3,44016
6,4006,52,8093,0.0534458,7,3.54,3,44977
6,4006,54,8399,0.0534458,7,4.62,3,46041
6,4006,56,8689,0.0534458,7,5.565,4,47296
6,4006,58,8997,0.0534458,7,5.19,4,48585
6,4006,60,9319,0.0534458,7,5.105,4,49904
6,4006,62,9621,0.0534458,7,4.83,5,51095
6,4006,64,9903,0.0534458,7,5.075,4,52253
6,4006,66,10219,0.0534458,7,5.02,4,53508
6,4006,68,10513,0.0534458,7,5.965,5,54849
6,4006,70,10802,0.0534458,7,5.685,5,56082
6,4006,72,11116,0.0534458,7,5.53,4,57376
6,4006,74,11425,0.0534458,7,4.795,3,58549
6,4006,76,11721,0.0534458,7,6.04,5,59807
6,4006,78,12005,0.0534458,15,7.035,7,61361
6,4006,80,12307,0.0534458,15,9.545,8,63550
6,4006,82,12606,0.0534458,15,11.155,9,65918
6,4006,84,12913,0.0534458,15,9.91,9,68336
6,4006,86,13218,0.0534332,9,9.53,9,70613
6,4006,88,13512,0.0534332,9,9.465,9,72992
6,4006,90,13810,0.0534332,9,8.555,8,75149
6,4006,92,14108,0.0534332,9,7.48,7,76962
6,4006,94,14409,0.0534332,9,7.09,6,78734
6,4006,96,14691,0.0534332,9,7.525,7,80319
6,4006,98,14982,0.0534332,9,6.11,5,81704
6,4006,100,15279,0.0534332,9,6.5,5,83026
6,4006,102,15575,0.0534332,9,7.48,5,84553
6,4006,104,15875,0.0534332,9,9.675,8,86828
6,4006,106,16176,0.0534332,9,10.23,9,89216
6,4006,108,16493,0.0534332,9,8.725,8,91672
6,4006,110,16774,0.0534332,9,9.32,8,93813
6,4006,112,17065,0.0534332,9,10.87,9,96229
6,4006,114,17379,0.0534332,9,10.05,9,98890
6,4006,116,17683,0.0534332,9,9.88,9,101426
6,4006,118,17987,0.0534332,9,9.995,9,104036
6,4006,120,18280,0.0534332,9,8.64,8,106186
6,4006,122,18574,0.0534332,9,7.685,7,108106
6,4006,124,18862,0.0534332,9,7.8,7,110015
6,4006,126,19156,0.0534332,9,8.235,7,112010
6,4006,128,19467,0.0534332,9,8.14,7,114200
6,4006,130,19750,0.0534332,9,7.915,7,116004
6,4006,132,20000,0.0534332,9,7.275,7,117485
7,4007,0,200,0.0589998,26,12.815,9,2563
7,4007,2,523,0.058959,25,9.355,7,4855
7,4007,4,862,0.0556026,29,10.23,6,7552
7,4007,6,1169,0.0537398,33,12.135,8,10576
7,4007,8,1481,0.0537398,33,13.24,8,13465
7,4007,10,1816,0.0537398,33,9.4,6,15834
7,4007,12,2150,0.053451,33,10.92,7.5,18370
7,4007,14,2470,0.0534221,33,12.005,9,21092
7,4007,16,2784,0.0534221,33,14.75,9.5,24449
7,4007,18,3111,0.0534221,41,15.33,10,28291
7,4007,20,3435,0.0534221,41,14.54,10.5,32054
7,4007,22,3761,0.0534221,41,14.575,11,35617
7,4007,24,4092,0.0534221,41,12.66,11,39200
7,4007,26,4397,0.0534221,41,13.815,11,42576
7,4007,28,4715,0.0529712,19,13.815,11,46152
7,4007,30,5031,0.0529712,19,15.565,11,49888
7,4007,32,5353,0.0529712,19,14.005,11,53508
7,4007,34,5664,0.0529712,19,13.865,11,56732
7,4007,36,5979,0.0529712,19,13.745,11,60209
7,4007,38,6284,0.0529712,19,16.455,13,63838
7,4007,40,6595,0.0529712,19,14.54,13.5,67693
7,4007,42,6897,0.0529712,19,12.315,12,71024
7,4007,44,7194,0.0529712,19,12.545,11,74143
7,4007,46,7490,0.0529712,19,12.56,11,76971
7,4007,48,7806,0.0529712,19,11.42,11,80097
7,4007,50,8112,0.0529712,19,11.99,11,83291
7,4007,52,8412,0.0529712,19,12.525,11,86502
7,4007,54,8705,0.0529712,19,11.85,11,89397
7,4007,56,8985,0.0529712,19,11.355,11,92007
7,4007,58,9286,0.0529712,19,11.965,11,95137
7,4007,60,9568,0.0529712,19,11.85,11,98004
7,4007,62,9875,0.0529712,19,10.505,10,100905
7,4007,64,10168,0.0529712,19,11.625,11,103788
7,4007,66,10460,0.0529712,19,11.905,11,106652
7,4007,68,10753,0.0529712,19,11.095,11,109399
7,4007,70,11042,0.0529712,19,12.12,11,112275
7,4007,72,11347,0.0529712,19,12.415,11,115495
7,4007,74,11639,0.0529712,19,12.41,12,118487
7,4007,76,11953,0.0529712,19,11.8,11,121613
7,4007,78,12254,0.0529712,19,11.18,11,124561
7,4007,80,12551,0.0529712,19,12.51,11,127635
7,4007,82,12856,0.0529712,19,12.35,11,130819
7,4007,84,13171,0.0529712,19,12.245,11,134162
7,4007,86,13469,0.0529712,19,11.825,11,137099
7,4007,88,13774,0.0529712,19,11.545,11,140091
7,4007,90,14072,0.0529712,19,11.655,11,142973
7,4007,92,14381,0.0529712,19,10.875,10,145823
7,4007,94,14683,0.0529712,19,10.79,10,148571
7,4007,96,14982,0.0529712,19,11.24,10,151483
7,4007,98,15275,0.0529712,19,11.6,11,154164
7,4007,100,15589,0.0529712,19,10.66,10.5,157073
7,4007,102,15866,0.0529712,19,13.115,12,160058
7,4007,104,16155,0.0529712,19,15.4,14,163548
7,4007,106,16457,0.0526736,46,15.2,13,167343
7,4007,108,16753,0.0526736,46,15.33,14,170977
7,4007,110,17055,0.0524261,43,17.91,13,174976
7,4007,112,17367,0.0524261,43,20.49,15,179941
7,4007,114,17681,0.0524261,43,22.38,17.5,185458
7,4007,116,17988,0.0524261,43,19.87,16,190880
7,4007,118,18281,0.0524261,43,22.37,19,196080
7,4007,120,18594,0.0521211,21,25.345,21,202320
7,4007,122,18885,0.0521211,18,29.485,22,208900
7,4007,124,19211,0.0521211,28,31.24,22,216945
7,4007,126,19529,0.0521211,28,24.37,21,223514
7,4007,128,19832,0.0519461,22,19.63,18,228623
7,4007,130,20000,0.0519461,22,22.855,18,231459
8,4008,0,200,0.0628777,11,13.15,10,2630
8,4008,2,532,0.0578875,17,7.58,7,4838
8,4008,4,847,0.0561244,19,6.71,5,6556
8,4008,6,1157,0.0538212,8,6.82,5,8119
8,4008,8,1478,0.0538212,8,5.96,5,9869
8,4008,10,1785,0.0536597,13,5.775,4,11351
8,4008,12,2079,0.0533724,9,7.62,7,13044
8,4008,14,2358,0.0532987,11,9.17,9,15154
8,4008,16,2657,0.0532987,11,9.265,9,17511
8,4008,18,2945,0.0532987,11,9.43,9,19792
8,4008,20,3250,0.0532987,11,9.325,9,22261
8,4008,22,3562,0.0532987,11,9.67,9,24955
8,4008,24,3866,0.0531991,13,9.645,9,27569
8,4008,26,4161,0.0531991,13,9.87,9.5,30015
8,4008,28,4455,0.0531991,13,9.755,9,32386
8,4008,30,4746,0.0531991,13,9.895,9,34906
8,4008,32,5033,0.0531991,13,9.97,10,37396
8,4008,34,5319,0.0531991,13,9.62,9,39763
8,4008,36,5601,0.0531991,13,10.335,10,42253
8,4008,38,5901,0.0531991,13,10.02,9,44888
8,4008,40,6198,0.0531991,13,10.1,9,47558
8,4008,42,6502,0.0531991,13,9.905,9,50235
8,4008,44,6787,0.0531991,13,10.185,10,52772
8,4008,46,7089,0.0531991,13,9.875,10,55421
8,4008,48,7373,0.0531991,13,10.145,10,57977
8,4008,50,7653,0.0531991,13,10.425,10,60410
8,4008,52,7946,0.0531991,13,10.33,10,62971
8,4008,54,8245,0.0531991,13,10.115,9,65609
8,4008,56,8525,0.0531991,13,9.83,9,67979
8,4008,58,8813,0.0531991,13,10.46,10,70562
8,4008,60,9123,0.0531991,13,10.445,10,73348
8,4008,62,9402,0.0531991,13,10.12,10,75694
8,4008,64,9698,0.0531991,13,11.05,10,78435
8,4008,66,9993,0.0531991,13,10.95,11,81199
8,4008,68,10275,0.0531991,13,11.97,10,83918
8,4008,70,10588,0.0531991,13,11.78,11,87132
8,4008,72,10890,0.0531991,13,11.55,11,90090
8,4008,74,11182,0.0531991,13,11.375,10.5,92799
8,4008,76,11468,0.0531991,13,12.16,11,95673
8,4008,78,11758,0.0531991,13,11.63,11,98576
8,4008,80,12054,0.0531991,13,11.305,10,101394
8,4008,82,12357,0.0531991,13,10.59,10,104131
8,4008,84,12647,0.0531991,13,10.63,10,106769
8,4008,86,12925,0.0531991,13,11.06,11,109416
8,4008,88,13218,0.0531991,13,11.445,10,112235
8,4008,90,13513,0.0531991,13,10.705,10,114893
8,4008,92,13799,0.0531991,13,11.595,11,117655
8,4008,94,14085,0.0531991,13,11.415,11,120354
8,4008,96,14390,0.0531991,13,11.55,11,123444
8,4008,98,14671,0.0531991,13,11.46,11,126145
8,4008,100,14969,0.0531991,13,9.92,9,128743
8,4008,102,15247,0.0531991,13,10.15,10,131174
8,4008,104,15546,0.0531991,13,10.42,10,133838
8,4008,106,15828,0.0531991,13,11.14,10,136502
8,4008,108,16126,0.0531991,13,12.37,11,139480
8,4008,110,16429,0.0531991,13,12.115,11,142626
8,4008,112,16732,0.0531991,13,10.58,11,145476
8,4008,114,17017,0.0531991,13,10,9.5,148010
8,4008,116,17314,0.0531991,13,10.23,10,150652
8,4008,118,17607,0.0531991,13,10.23,10,153227
8,4008,120,17906,0.0531991,13,10.465,10,155867
8,4008,122,18194,0.0531991,13,10.525,10,158441
8,4008,124,18486,0.0531991,13,11.49,10,161183
8,4008,126,18787,0.0531991,13,10.985,10,164142
8,4008,128,19080,0.0531991,13,10.42,10,166916
8,4008,130,19343,0.0531991,13,11.14,11,169351
8,4008,132,19633,0.0531991,13,10.835,10,171977
8,4008,134,19914,0.0531991,13,11.385,11,174658
8,4008,135,20000,0.0531991,13,12.195,11,175477
9,4009,0,200,0.0566119,10,12.63,8,2526
9,4009,2,544,0.0566119,10,6.88,6,4908
9,4009,4,871,0.0566119,10,5.08,4,6277
9,4009,6,1178,0.0566119,10,5.2,4,7585
9,4009,8,1497,0.0566119,10,5.665,4,9072
9,4009,10,1810,0.0560255,6,5.605,5,10540
9,4009,12,2124,0.0560255,6,5.745,5,12113
9,4009,14,2418,0.0560255,6,5.665,5,13560
9,4009,16,2695,0.0560255,6,6.26,6,15007
9,4009,18,3002,0.0560255,6,6.41,6,16705
9,4009,20,3295,0.0560255,6,6.52,6,18337
9,4009,22,3600,0.0560255,6,6.455,6,20056
9,4009,24,3877,0.0560255,6,6.71,6,21607
9,4009,26,4173,0.0560255,6,6.85,6,23361
9,4009,28,4468,0.0560255,6,6.37,6,24983
9,4009,30,4755,0.0560255,6,6.415,6,26547
9,4009,32,5037,0.0560255,6,6.31,6,28088
9,4009,34,5336,0.0560255,6,6.365,6,29731
9,4009,36,5638,0.0560255,6,6.185,6,31394
9,4009,38,5934,0.0560255,6,6.45,6,33000
9,4009,40,6234,0.0560255,6,6.67,6,34712
9,4009,42,6533,0.0560255,6,6.21,6,36367
9,4009,44,6827,0.0560255,6,6.545,6,37946
9,4009,46,7130,0.0560255,6,6.525,6,39615
9,4009,48,7428,0.0560255,6,6.01,6,41148
9,4009,50,7736,0.0560255,6,5.5,5,42675
9,4009,52,8015,0.0560255,6,6.26,6,44067
9,4009,54,8309,0.0560255,6,6.86,6,45695
9,4009,56,8588,0.0560255,6,6.395,6,47151
9,4009,58,8892,0.0560255,6,6.335,6,48801
9,4009,60,9188,0.0560255,6,6.94,6,50437
9,4009,62,9488,0.0560255,6,5.79,6,52050
9,4009,64,9741,0.0560255,6,6.675,6,53394
9,4009,66,10020,0.0560255,6,6.92,6,54992
9,4009,68,10304,0.0560255,6,6.555,6,56626
9,4009,70,10571,0.0560255,6,6.79,6,58142
9,4009,72,10860,0.0538611,8,8.11,7.5,60041
9,4009,74,11162,0.0538611,8,7.95,7,62156
9,4009,76,11457,0.0538611,8,8.28,7,64188
9,4009,78,11752,0.0538611,8,9.04,8,66437
9,4009,80,12041,0.0538611,8,9.28,8,68651
9,4009,82,12333,0.0537587,14,9.39,9,70907
9,4009,84,12630,0.0536364,11,10.28,9,73382
9,4009,86,12938,0.0536364,11,9.955,9,76026
9,4009,88,13207,0.0536364,13,11.235,11,78505
9,4009,90,13493,0.0536362,16,12.535,12,81444
9,4009,92,13779,0.0536351,10,12.35,12,84337
9,4009,94,14075,0.0536351,10,12.245,11,87530
9,4009,96,14359,0.0536351,10,13.14,13,90712
9,4009,98,14661,0.0536351,10,12.695,12,94034
9,4009,100,14956,0.0536339,21,12.33,12,97111
9,4009,102,15251,0.0536339,21,12.205,11,100110
9,4009,104,15538,0.0536339,21,12.455,12,103116
9,4009,106,15809,0.0536197,36,14.84,14,106183
9,4009,108,16102,0.0536197,36,14.53,14,109540
9,4009,110,16372,0.053619,37,17.235,16,113111
9,4009,112,16671,0.053619,37,19.185,17,117692
9,4009,114,16953,0.0535922,22,20.19,18,122056
9,4009,116,17258,0.0535922,22,19.17,18,126888
9,4009,118,17549,0.053582,23,18.265,17,131503
9,4009,120,17857,0.053582,23,16.04,15.5,135938
9,4009,122,18128,0.053582,23,16.49,17,139663
9,4009,124,18409,0.053582,23,15.51,15,143337
9,4009,126,18700,0.053582,23,14.755,14,146986
9,4009,128,18971,0.0535666,13,15.355,15,150395
9,4009,130,19262,0.0535564,15,15.705,15,154341
9,4009,132,19540,0.0535564,15,14.215,15,157793
9,4009,134,19802,0.0535564,15,13.88,14,160862
9,4009,136,20000,0.0535564,15,13.21,13,163067
10,4010,0,200,0.0658608,4,11.47,7.5,2294
10,4010,2,554,0.0562618,7,5.505,4,4300
10,4010,4,888,0.0562618,7,5.02,4,5623
10,4010,6,1196,0.0561077,5,5.06,4,6904
10,4010,8,1514,0.0559294,4,4.54,4,8175
10,4010,10,1843,0.0559294,4,4.425,4,9539
10,4010,12,2175,0.0559294,4,4.055,4,10807
10,4010,14,2501,0.0559294,4,4.2,4,12029
10,4010,16,2825,0.0559294,4,4.21,4,13254
10,4010,18,3101,0.0559294,4,4.17,4,14279
10,4010,20,3422,0.0559294,4,4.275,4,15471
10,4010,22,3744,0.0559294,4,4.265,4,16694
10,4010,24,4072,0.0559294,4,4.375,4,17943
10,4010,26,4393,0.0559294,4,4.1,4,19145
10,4010,28,4715,0.0559294,4,4.085,4,20400
10,4010,30,5046,0.0559294,4,4.135,4,21669
10,4010,32,5382,0.0559294,4,4.08,4,22922
10,4010,34,5723,0.0559294,4,4.12,4,24233
10,4010,36,6064,0.0559294,4,4.215,4,25577
10,4010,38,6393,0.0559294,4,4.095,4,26827
10,4010,40,6708,0.0559294,4,4.065,4,27994
10,4010,42,6973,0.0559294,4,4.14,4,28949
10,4010,44,7303,0.0559294,4,4.22,4,30188
10,4010,46,7639,0.0559294,4,4.025,4,31457
10,4010,48,7958,0.0559294,4,4.16,4,32631
10,4010,50,8283,0.0559294,4,4.14,4,33861
10,4010,52,8607,0.0559294,4,4.18,4,35101
10,4010,54,8931,0.0559294,4,4.135,4,36316
10,4010,56,9253,0.0559294,4,4.19,4,37513
10,4010,58,9590,0.0559294,4,4.115,4,38790
10,4010,60,9911,0.0559294,4,4.12,4,39995
10,4010,62,10243,0.0559294,4,4.075,4,41215
10,4010,64,10582,0.0559086,4,4.15,4,42519
10,4010,66,10905,0.0559086,4,4.185,4,43739
10,4010,68,11227,0.0559086,4,4.095,4,44933
10,4010,70,11504,0.0559086,4,4.025,4,45918
10,4010,72,11798,0.0559086,4,4.175,4,46998
10,4010,74,12101,0.0559086,4,4.07,4,48024
10,4010,76,12382,0.0559086,4,4.03,4,48999
10,4010,78,12667,0.0559086,4,4.01,4,50017
10,4010,80,12960,0.0559086,4,4.21,4,50971
10,4010,82,13250,0.0559086,4,3.93,4,51956
10,4010,84,13532,0.0559086,4,3.635,4,52820
10,4010,86,13833,0.0559086,4,2.81,3,53599
10,4010,88,14110,0.0559086,4,2.965,3,54174
10,4010,90,14367,0.0559086,4,3.29,3,54859
10,4010,92,14643,0.0559086,4,3.145,3,55624
10,4010,94,14948,0.0559086,4,3.115,3,56409
10,4010,96,15215,0.0559086,4,3.515,4,57146
10,4010,98,15496,0.0559086,4,3.61,4,57957
10,4010,100,15803,0.0559086,4,2.74,3,58685
10,4010,102,16071,0.0559086,4,3.275,3,59377
10,4010,104,16352,0.0559086,4,2.805,3,59980
10,4010,106,16629,0.0559086,4,2.685,3,60548
10,4010,108,16915,0.0559086,4,3.015,3,61180
10,4010,110,17212,0.0559086,4,3.055,3,61817
10,4010,112,17487,0.0559086,4,3.07,3,62454
10,4010,114,17792,0.0559086,4,2.575,2,63099
10,4010,116,18077,0.0559086,4,3.28,3,63756
10,4010,118,18367,0.0559086,4,3.48,3,64532
10,4010,120,18639,0.0559086,4,3.65,4,65355
10,4010,122,18922,0.0559086,4,3.105,3,66076
10,4010,124,19222,0.0559086,4,2.69,2,66738
10,4010,126,19524,0.0559086,4,2.785,2,67457
10,4010,128,19805,0.0559086,4,2.52,2,68052
10,4010,130,20000,0.0559086,4,2.865,3,68503
11,4011,0,200,0.0611882,6,12.31,8,2462
11,4011,2,547,0.0593089,12,6.495,6,4712
11,4011,4,865,0.0569743,9,6.095,5,6191
11,4011,6,1160,0.0569743,9,6.86,5,7681
11,4011,8,1475,0.0569148,12,5.675,5,9232
11,4011,10,1774,0.0569148,12,5.605,5,10654
11,4011,12,2048,0.056797,14,6.98,6,12193
11,4011,14,2322,0.056681,16,8.71,8,14161
11,4011,16,2613,0.056681,16,8.9,8,16282
11,4011,18,2894,0.0554379,22,11,10,18718
11,4011,20,3189,0.0554379,22,11.83,10,21494
11,4011,22,3480,0.0554379,22,15.975,15,25250
11,4011,24,3754,0.0554379,22,20.26,19,29688
11,4011,26,4044,0.0534072,16,19.46,18,34271
11,4011,28,4347,0.0534072,16,15.88,16,38595
11,4011,30,4636,0.0534072,16,17.305,14,42606
11,4011,32,4933,0.0532648,17,17.33,15,46661
11,4011,34,5245,0.0529787,18,16.39,15,51113
11,4011,36,5547,0.0525715,22,17.32,16,55359
11,4011,38,5846,0.0524406,20,19.77,16,59797
11,4011,40,6150,0.0524406,20,16.69,16,63826
11,4011,42,6438,0.0524406,20,16.365,15,67801
11,4011,44,6719,0.0524141,18,18.175,18,71888
11,4011,46,7009,0.0523491,27,18.75,18,76152
11,4011,48,7286,0.0522963,40,20.37,18.5,80413
11,4011,50,7569,0.0522963,40,27.11,26,86041
11,4011,52,7846,0.0522688,36,28.98,30.5,92704
11,4011,54,8112,0.0522688,36,28.16,29,98803
11,4011,56,8389,0.0522688,36,26.415,28,104924
11,4011,58,8654,0.0522688,36,24.97,27,110420
11,4011,60,8951,0.0522505,32,25.645,26,116785
11,4011,62,9214,0.0522505,32,26.825,29,122270
11,4011,64,9499,0.0522379,29,27.12,28,128554
11,4011,66,9773,0.0522379,29,25.245,25,134333
11,4011,68,10042,0.0522379,29,25.31,26,139542
11,4011,70,10321,0.0522379,29,27.735,26,145498
11,4011,72,10609,0.0522336,28,28.62,28,152465
11,4011,74,10891,0.0522336,28,26.635,28,158867
11,4011,76,11153,0.0522336,28,26.64,27,164561
11,4011,78,11446,0.0522336,28,23.87,24,170545
11,4011,80,11734,0.0522322,27,25.145,26.5,176386
11,4011,82,12008,0.0522322,27,25.03,25,182054
11,4011,84,12301,0.0522322,27,24.18,25,188263
11,4011,86,12583,0.0522322,27,23.835,24,193758
11,4011,88,12867,0.0522322,27,22.145,21,198898
11,4011,90,13140,0.052212,34,25.03,25,204349
11,4011,92,13399,0.052212,34,25.345,27,209503
11,4011,94,13670,0.052212,34,25.655,27,215174
11,4011,96,13951,0.052212,34,27.335,28,221582
11,4011,98,14237,0.052212,34,26.77,27,228152
11,4011,100,14530,0.052208,35,24.39,24,234515
11,4011,102,14796,0.052208,35,25.985,27.5,240238
11,4011,104,15068,0.052208,35,25.11,25.5,246076
11,4011,106,15352,0.052208,35,24.245,25,251883
11,4011,108,15635,0.052208,35,24.095,24,257554
11,4011,110,15914,0.052208,35,24.615,24,262948
11,4011,112,16195,0.052208,35,25.29,26,268693
11,4011,114,16486,0.052208,35,25.01,25,274743
11,4011,116,16774,0.052208,35,25.875,25,280879
11,4011,118,17050,0.052208,35,23.715,24,286122
11,4011,120,17331,0.052208,35,22.95,23,291319
11,4011,122,17622,0.052208,35,23.815,24,297224
11,4011,124,17885,0.0521842,32,26.815,28,302652
11,4011,126,18164,0.0521842,32,25.7,26,308321
11,4011,128,18436,0.0521842,32,24.46,26,313812
11,4011,130,18713,0.0521842,32,22.755,24,319110
11,4011,132,18990,0.0521842,32,23.14,22.5,324293
11,4011,134,19267,0.0518831,36,23.775,23,329665
11,4011,136,19547,0.0518831,36,25.565,24,335459
11,4011,138,19829,0.0515293,36,26.35,26,341659
11,4011,140,20000,0.0515293,36,25.83,27,345381
12,4012,0,200,0.0674722,3,12.885,8,2577
12,4012,2,563,0.0584951,7,4.66,4,4662
12,4012,4,873,0.0584951,7,3.825,3,5554
12,4012,6,1162,0.0584951,7,4.095,4,6466
12,4012,8,1455,0.0584951,7,4.3,4,7486
12,4012,10,1754,0.0584951,7,4.935,4,8671
12,4012,12,2051,0.0584951,7,5.125,4,9907
12,4012,14,2349,0.0584951,7,5.245,5,11219
12,4012,16,2636,0.0584951,7,5.86,5,12622
12,4012,18,2894,0.0584951,7,7.445,7,14140
12,4012,20,3185,0.0584951,9,8.065,8,16155
12,4012,22,3476,0.0584951,9,8.035,8,18154
12,4012,24,3774,0.0584951,9,7.22,7,20051
12,4012,26,4061,0.0584951,9,7.29,7,21718
12,4012,28,4348,0.0580982,7,7.485,7,23449
12,4012,30,4635,0.0580982,7,7.82,7,25312
12,4012,32,4947,0.0580933,13,7.025,7,27257
12,4012,34,5243,0.0578792,16,8.655,8,29336
12,4012,36,5517,0.0578692,22,9.665,8,31482
12,4012,38,5807,0.057722,18,12.11,10,34093
12,4012,40,6103,0.0575521,13,14.45,12,37321
12,4012,42,6377,0.053601,14,15.05,14,40652
12,4012,44,6642,0.0532441,21,15.31,15,43907
12,4012,46,6925,0.0532441,21,15.12,15,47536
12,4012,48,7213,0.0532441,21,14.085,14,51188
12,4012,50,7495,0.0532441,21,15.01,15,54743
12,4012,52,7752,0.0532441,21,15.44,16,57937
12,4012,54,8020,0.0532441,21,15.185,15,61339
12,4012,56,8302,0.0532441,21,14.55,15,64879
12,4012,58,8587,0.0532441,21,14.065,14,68364
12,4012,60,8879,0.0532441,21,15.145,15,72146
12,4012,62,9155,0.0532441,21,16.265,18,75950
12,4012,64,9430,0.0532441,21,15.925,17,79804
12,4012,66,9708,0.0532441,21,15.52,16,83657
12,4012,68,9973,0.0532441,21,16.79,17.5,87376
12,4012,70,10234,0.0532441,23,15.6,16,90925
12,4012,72,10509,0.0532441,23,16.06,16,94762
12,4012,74,10783,0.0532441,23,16.59,18,98747
12,4012,76,11064,0.0532441,23,16.635,17,102926
12,4012,78,11322,0.0532441,23,17.91,19,106849
12,4012,80,11576,0.0532441,23,18.185,20,110666
12,4012,82,11868,0.0532441,23,17.305,17,115147
12,4012,84,12140,0.0532441,23,18.255,20,119488
12,4012,86,12416,0.0532366,24,18.04,18,123943
12,4012,88,12696,0.0532366,24,17.605,17.5,128292
12,4012,90,12973,0.0532366,24,17.41,17,132536
12,4012,92,13240,0.0532366,24,18.47,19,136700
12,4012,94,13514,0.0532366,24,18.8,20,141187
12,4012,96,13782,0.0532366,24,17.755,18,145403
12,4012,98,14057,0.0532366,24,16.83,18,149468
12,4012,100,14318,0.0532366,24,17.67,19,153419
12,4012,102,14602,0.0532366,24,18.25,18,157954
12,4012,104,14873,0.0532366,24,18.595,19,162360
12,4012,106,15148,0.0532366,24,18.135,19,166821
12,4012,108,15416,0.0532366,24,18.165,19,170957
12,4012,110,15690,0.0532366,24,18.725,20,175414
12,4012,112,15963,0.0532366,24,18.18,18,179645
12,4012,114,16245,0.0532366,24,18.645,19,184282
12,4012,116,16514,0.0532366,24,18.98,20,188732
12,4012,118,16789,0.0532366,24,17.96,18,193034
12,4012,120,17065,0.0532366,24,16.66,17,197041
12,4012,122,17348,0.0532366,24,17.275,17,201190
12,4012,124,17629,0.0532366,24,18.08,18,205476
12,4012,126,17918,0.0532366,24,17.81,18,209956
12,4012,128,18183,0.0532366,24,18.55,19,214122
12,4012,130,18472,0.0532366,24,18.27,18,218653
12,4012,132,18746,0.0532366,24,18.41,19,223206
12,4012,134,19008,0.0532366,24,17.77,19,227375
12,4012,136,19281,0.0532366,24,18.435,19.5,231802
12,4012,138,19541,0.0532366,24,18.5,19,235889
12,4012,140,19831,0.0532366,24,17.25,17,240205
12,4012,142,20000,0.0532366,24,17.71,18.5,242750
13,4013,0,200,0.059455,5,12.32,9,2464
13,4013,2,552,0.0554973,7,5.885,5,4577
13,4013,4,879,0.0554973,7,4.11,3,5799
13,4013,6,1172,0.053921,9,3.95,3,6709
13,4013,8,1479,0.053921,9,4.025,3,7665
13,4013,10,1779,0.053921,9,4.61,3,8760
13,4013,12,2067,0.053921,9,5.05,4,9838
13,4013,14,2361,0.053921,9,6.32,5,11261
13,4013,16,2664,0.053921,9,5.53,5,12630
13,4013,18,2952,0.053921,9,7.145,7,14135
13,4013,20,3228,0.0532988,9,8.43,8,15987
13,4013,22,3534,0.0532988,9,6.755,6,17750
13,4013,24,3812,0.0532988,9,6.8,6,19269
13,4013,26,4092,0.0532988,9,7.215,6,20812
13,4013,28,4405,0.0532988,9,7.18,6,22650
13,4013,30,4730,0.0532988,9,6.595,5,24388
13,4013,32,5044,0.0532988,9,7.285,5,26204
13,4013,34,5366,0.0532988,9,7.985,7,28239
13,4013,36,5661,0.0532988,9,7.74,7,30162
13,4013,38,5944,0.0532988,9,8.21,8,32124
13,4013,40,6228,0.0532988,9,8.03,8,34098
13,4013,42,6533,0.0532988,9,7.635,7,36178
13,4013,44,6806,0.0532988,9,7.08,7,37824
13,4013,46,7098,0.0532988,9,6.82,7,39469
13,4013,48,7394,0.0532988,9,5.55,5,40803
13,4013,50,7682,0.0532988,9,5.71,5,42054
13,4013,52,7981,0.0532988,9,5.245,5,43309
13,4013,54,8283,0.0532988,9,4.69,5,44428
13,4013,56,8558,0.0532988,9,4.295,3,45226
13,4013,58,8884,0.0532988,9,3.205,1,45953
13,4013,60,9177,0.0532988,9,4.485,4,46961
13,4013,62,9468,0.0532988,9,3.805,3,47767
13,4013,64,9747,0.0532988,9,4.71,4,48758
13,4013,66,10011,0.0532988,9,6.81,6.5,50055
13,4013,68,10298,0.0532988,9,7.04,6,51657
13,4013,70,10600,0.0532988,9,7.4,7,53529
13,4013,72,10895,0.0532988,9,8,7,55499
13,4013,74,11194,0.0532988,9,7.485,7,57387
13,4013,76,11483,0.0532988,9,7.315,7,59165
13,4013,78,11774,0.0532988,9,7.05,7,60872
13,4013,80,12061,0.0532988,9,8.015,7,62688
13,4013,82,12353,0.0532988,9,8.085,8,64678
13,4013,84,12650,0.0532988,9,7.73,7,66625
13,4013,86,12937,0.0532988,9,7.705,7,68521
13,4013,88,13235,0.0532988,9,7.705,7,70451
13,4013,90,13520,0.0532988,9,7.37,7,72267
13,4013,92,13809,0.0532988,9,8.1,7,74200
13,4013,94,14101,0.0532988,9,9.445,9,76628
13,4013,96,14407,0.0530786,7,9.165,9,79086
13,4013,98,14701,0.0530786,7,8.75,8,81321
13,4013,100,15012,0.0530786,7,7.665,7,83448
13,4013,102,15317,0.0530786,7,6.83,7,85288
13,4013,104,15575,0.0530786,7,6.405,7,86757
13,4013,106,15876,0.0530786,7,5.56,5,88243
13,4013,108,16172,0.0530786,7,5.615,5,89584
13,4013,110,16481,0.0530786,7,4.68,4,90803
13,4013,112,16757,0.0530786,7,5.495,5,91959
13,4013,114,17060,0.0530786,7,4.685,3.5,93179
13,4013,116,17347,0.0530786,7,5.135,5,94371
13,4013,118,17640,0.0530786,7,5.465,5,95594
13,4013,120,17931,0.0530786,7,5.26,5,96810
13,4013,122,18225,0.0530786,7,4.995,4,97980
13,4013,124,18502,0.0530786,7,5.305,5,99139
13,4013,126,18790,0.0530786,7,5.845,5,100469
13,4013,128,19071,0.0530786,7,6.415,6,101915
13,4013,130,19360,0.0530786,7,6.41,6,103492
13,4013,132,19649,0.0530786,7,6.35,6,105107
13,4013,134,19908,0.0528502,10,6.67,6.5,106519
13,4013,135,20000,0.0528502,10,6.415,6,107030
14,4014,0,200,0.0644087,11,11.955,9,2391
14,4014,2,531,0.0605474,7,7.44,6,4632
14,4014,4,853,0.0605474,7,4.08,3,5781
14,4014,6,1138,0.0605474,7,4.415,4,6705
14,4014,8,1440,0.0586999,15,5.085,4,7889
14,4014,10,1743,0.0559285,12,5.9,5,9288
14,4014,12,2016,0.0559216,11,8.06,7,10968
14,4014,14,2303,0.0559216,11,9.79,8,13303
14,4014,16,2591,0.0557846,14,10.975,9.5,15746
14,4014,18,2871,0.0547028,11,12.755,11.5,18465
14,4014,20,3142,0.0538889,27,12.77,11,21198
14,4014,22,3441,0.0538477,24,14.155,12,24631
14,4014,24,3726,0.0536858,25,15.99,14,28105
14,4014,26,4016,0.0534502,24,17.585,18,32205
14,4014,28,4284,0.0529103,17,19.56,19.5,36348
14,4014,30,4556,0.0529103,17,19.785,19,40820
14,4014,32,4840,0.0527978,25,19.53,19,45551
14,4014,34,5134,0.0527978,25,19.245,19,50497
14,4014,36,5429,0.0527978,25,17.985,18,55072
14,4014,38,5702,0.0527978,25,16.42,17,58904
14,4014,40,5981,0.0527978,25,16.985,17,62773
14,4014,42,6256,0.0527978,25,16.235,16,66509
14,4014,44,6536,0.0524053,29,17.435,18,70516
14,4014,46,6822,0.052399,29,17.145,16,74447
14,4014,48,7126,0.0523989,33,19.245,17,79156
14,4014,50,7413,0.0523989,33,19.735,18,83652
14,4014,52,7690,0.0522804,41,22.095,22,88518
14,4014,54,7963,0.0522221,27,24.7,25.5,93851
14,4014,56,8244,0.0521581,35,24.315,25,99543
14,4014,58,8519,0.0521581,35,24.525,24.5,105093
14,4014,60,8803,0.052158,32,26.485,23.5,110905
14,4014,62,9084,0.052158,32,26.79,25.5,116999
14,4014,64,9374,0.052158,32,26.855,26,123246
14,4014,66,9638,0.0520693,50,30.585,32,129494
14,4014,68,9899,0.0520693,50,28.52,27.5,135691
14,4014,70,10172,0.0520693,50,30.47,30,142414
14,4014,72,10459,0.0520067,36,32.02,31.5,150032
14,4014,74,10734,0.0520067,36,34.115,35,157952
14,4014,76,11008,0.0520067,36,33.61,34,166080
14,4014,78,11258,0.0519819,34,33.285,36,173233
14,4014,80,11538,0.0519819,34,28.815,32.5,180163
14,4014,82,11793,0.0519359,35,28.35,29,186246
14,4014,84,12067,0.0519359,35,27.695,29.5,192612
14,4014,86,12319,0.0519359,35,27.77,33,198577
14,4014,88,12581,0.0519359,35,27.75,31,204623
14,4014,90,12839,0.0519359,35,29.06,30,210902
14,4014,92,13110,0.0519359,35,27.77,29.5,217334
14,4014,94,13360,0.0519359,35,31.155,34,223680
14,4014,96,13633,0.0519314,34,29.855,32,230507
14,4014,98,13897,0.0519314,34,26.145,28,236295
14,4014,100,14169,0.0519314,34,24.085,25,241763
14,4014,102,14442,0.0519314,34,25.355,25,247264
14,4014,104,14711,0.0519314,34,26.215,28.5,253022
14,4014,106,14987,0.0519314,34,25.375,26,259165
14,4014,108,15261,0.0519314,34,22.865,23,264621
14,4014,110,15535,0.0519314,34,23.34,24,270131
14,4014,112,15811,0.0519314,34,24.27,24,275621
14,4014,114,16096,0.0519314,34,25.225,24,281713
14,4014,116,16379,0.0519314,34,25.45,28,287812
14,4014,118,16635,0.0519314,34,25.265,28,292998
14,4014,120,16908,0.0519274,38,25.795,28,298950
14,4014,122,17149,0.0519274,38,28.37,33,304512
14,4014,124,17414,0.0519271,61,30.675,33.5,311131
14,4014,126,17675,0.0519271,61,31.725,31,317743
14,4014,128,17959,0.0519271,61,35.42,36,325743
14,4014,130,18232,0.051926,59,40.345,41.5,334528
14,4014,132,18487,0.0519073,56,44.67,51.5,343872
14,4014,134,18761,0.0518807,42,43.215,44.5,353894
14,4014,136,19045,0.051857,42,40.305,42,364078
14,4014,138,19321,0.0518563,44,40.07,41,373599
14,4014,140,19611,0.0518205,54,40.365,40,384116
14,4014,142,19879,0.0518205,54,39.715,41,393463
14,4014,143,20000,0.0518205,54,37.11,38,397334
15,4015,0,200,0.0674722,4,11.685,8,2337
15,4015,2,528,0.0611016,21,7.93,6.5,4493
15,4015,4,858,0.0597096,6,6.365,4,6407
15,4015,6,1197,0.0594588,4,5.14,5,7972
15,4015,8,1504,0.0594588,4,5.035,5,9401
15,4015,10,1814,0.0594588,4,4.395,4,10704
15,4015,12,2122,0.0594588,4,4.24,4,11874
15,4015,14,2441,0.0594588,4,4.125,4,13085
15,4015,16,2759,0.0594588,4,4.005,4,14251
15,4015,18,3089,0.0594588,4,4.245,4,15547
15,4015,20,3400,0.0594588,4,4.3,4,16687
15,4015,22,3726,0.0594588,4,4.24,4,17903
15,4015,24,4047,0.0594588,4,4.185,4,19120
15,4015,26,4367,0.0594588,4,4.16,4,20342
15,4015,28,4687,0.0594588,4,4.11,4,21535
15,4015,30,5022,0.0594588,4,4.135,4,22830
15,4015,32,5351,0.0594588,4,4.365,4,24114
15,4015,34,5684,0.0594588,4,4.2,4,25421
15,4015,36,6006,0.0594588,4,4.155,4,26640
15,4015,38,6339,0.0594588,4,4.14,4,27913
15,4015,40,6661,0.0594588,4,4.13,4,29132
15,4015,42,6988,0.0594588,4,4.215,4,30404
15,4015,44,7315,0.0594547,4,4.22,4,31648
15,4015,46,7637,0.0594547,4,4.13,4,32858
15,4015,48,7965,0.0594547,4,4.145,4,34090
15,4015,50,8307,0.0594547,4,4.14,4,35453
15,4015,52,8620,0.0594547,4,4.2,4,36619
15,4015,54,8949,0.0594547,4,4.075,4,37857
15,4015,56,9264,0.0594547,4,4.26,4,39050
15,4015,58,9577,0.0594547,4,4.19,4,40239
15,4015,60,9910,0.0594547,4,4.105,4,41520
15,4015,62,10233,0.0594547,4,4.235,4,42750
15,4015,64,10553,0.0594547,4,4.015,4,43944
15,4015,66,10880,0.0594547,4,4.11,4,45184
15,4015,68,11205,0.0594547,4,4.195,4,46412
15,4015,70,11529,0.0594547,4,4.285,4,47642
15,4015,72,11849,0.0594547,4,4.355,4,48883
15,4015,74,12178,0.0594547,4,4.135,4,50141
15,4015,76,12506,0.0594547,4,4.275,4,51384
15,4015,78,12839,0.0594547,4,4.005,4,52639
15,4015,80,13155,0.0594545,4,4.3,4,53853
15,4015,82,13463,0.058118,5,4.28,4,55009
15,4015,84,13779,0.058118,5,4.425,4,56222
15,4015,86,14080,0.058118,5,4.405,4,57377
15,4015,88,14397,0.058118,5,4.145,4,58559
15,4015,90,14711,0.058118,5,4.2,4,59740
15,4015,92,15022,0.0554197,7,4.175,4,60949
15,4015,94,15326,0.0554197,7,4.7,4,62188
15,4015,96,15627,0.0554197,7,4.805,4,63465
15,4015,98,15922,0.0554197,7,4.7,4,64658
15,4015,100,16237,0.0554197,7,4.46,4,65872
15,4015,102,16529,0.0554197,7,4.95,4,67077
15,4015,104,16830,0.0554197,7,4.89,4,68374
15,4015,106,17131,0.0554197,7,4.985,4,69618
15,4015,108,17415,0.0554197,7,5.26,4,70866
15,4015,110,17716,0.0554197,7,5.93,5,72283
15,4015,112,18011,0.0554197,7,6.04,5,73706
15,4015,114,18326,0.0554197,7,5.675,5,75224
15,4015,116,18642,0.0554197,7,5.05,5,76651
15,4015,118,18941,0.0554197,7,5.415,5,78091
15,4015,120,19229,0.0554197,7,5.79,5,79508
15,4015,122,19504,0.0554197,7,6.06,6,80898
15,4015,124,19816,0.0553091,12,6.305,6,82597
15,4015,126,20000,0.0553091,12,6.545,6,83637
16,4016,0,200,0.0674722,3,13.05,9,2610
16,4016,2,536,0.0594534,11,8.005,7,5090
16,4016,4,862,0.0594534,11,4.815,3,6516
16,4016,6,1163,0.0594534,11,4.585,3,7552
16,4016,8,1465,0.0594534,11,4.78,3,8562
16,4016,10,1760,0.0594534,11,4.795,3,9510
16,4016,12,2075,0.0594534,11,3.565,3,10277
16,4016,14,2421,0.0594534,11,2.63,1,11038
16,4016,16,2751,0.0594534,11,2.305,1,11607
16,4016,18,3103,0.0559038,4,2.24,1,12126
16,4016,20,3448,0.0559038,4,1.94,1,12587
16,4016,22,3766,0.0559038,4,2.28,1,13021
16,4016,24,4067,0.0559038,4,2.2,1,13584
16,4016,26,4335,0.0559038,4,2.84,3,14125
16,4016,28,4634,0.0559038,4,2.39,2,14684
16,4016,30,4934,0.0559038,4,2.44,2,15218
16,4016,32,5214,0.0559038,4,2.59,2,15776
16,4016,34,5495,0.0559038,4,2.8,3,16470
16,4016,36,5769,0.0559038,4,3.325,4,17163
16,4016,38,6034,0.0559038,4,3.615,4,17944
16,4016,40,6331,0.0559038,4,3.055,3,18751
16,4016,42,6608,0.0559038,4,3.255,3,19483
16,4016,44,6898,0.0559038,4,2.775,3,20142
16,4016,46,7149,0.0559038,4,3.135,3,20757
16,4016,48,7428,0.0559038,4,3.33,3,21517
16,4016,50,7740,0.0559038,4,2.655,3,22245
16,4016,52,8021,0.0559038,4,2.69,3,22888
16,4016,54,8304,0.0559038,4,2.885,3,23598
16,4016,56,8571,0.0559038,4,3.19,3,24217
16,4016,58,8876,0.0559038,4,2.635,3,24922
16,4016,60,9159,0.0559038,4,2.75,3,25497
16,4016,62,9425,0.0559038,4,2.625,2,26091
16,4016,64,9701,0.0559038,4,3.12,3,26783
16,4016,66,9991,0.0559038,4,3.35,3,27562
16,4016,68,10270,0.0559038,4,2.875,3,28199
16,4016,70,10544,0.0559038,4,2.85,3,28806
16,4016,72,10807,0.0559038,4,2.895,3,29404
16,4016,74,11097,0.0559038,4,2.805,3,30097
16,4016,76,11363,0.0559038,4,3.32,3,30724
16,4016,78,11671,0.0559038,4,2.49,2,31420
16,4016,80,11933,0.0559034,8,2.895,3,32002
16,4016,82,12204,0.0559034,8,3.275,3,32674
16,4016,84,12493,0.0559034,8,2.88,2,33337
16,4016,86,12783,0.0559034,8,2.8,2,33935
16,4016,88,13084,0.0559034,8,3.12,2,34533
16,4016,90,13391,0.0559034,8,2.81,2,35151
16,4016,92,13686,0.0559034,8,2.835,1,35724
16,4016,94,14010,0.0559034,8,2.39,1,36270
16,4016,96,14346,0.0559034,8,2.57,1,36825
16,4016,98,14684,0.0559034,8,2.16,1,37366
16,4016,100,15036,0.0559034,8,1.84,1,37893
16,4016,102,15390,0.0559034,8,1.89,1,38329
16,4016,104,15731,0.0559034,8,1.96,1,38762
16,4016,106,16054,0.0559034,8,3.335,1,39374
16,4016,108,16374,0.0559034,8,3.115,1,40034
16,4016,110,16694,0.0559034,8,2.99,1,40743
16,4016,112,17005,0.0559034,8,2.75,1,41316
16,4016,114,17291,0.0559034,8,3.915,3,42035
16,4016,116,17586,0.0559034,8,4.855,4,43170
16,4016,118,17864,0.0559034,8,5.46,5,44325
16,4016,120,18181,0.0559034,8,5.31,5,45771
16,4016,122,18478,0.0559034,8,5.825,5,47200
16,4016,124,18782,0.0559034,8,5.455,5,48663
16,4016,126,19089,0.0559034,8,5.085,5,50035
16,4016,128,19407,0.0559034,8,5.015,5,51454
16,4016,130,19704,0.0559034,8,5.32,5,52765
16,4016,132,20000,0.0559034,8,4.94,5,54119
17,4017,0,200,0.0663618,8,12.64,9,2528
17,4017,2,532,0.0543977,13,8.195,6,4771
17,4017,4,856,0.0543977,13,5.825,5,6278
17,4017,6,1149,0.0527916,20,6.78,4.5,7661
17,4017,8,1433,0.0527916,20,7.09,4,9119
17,4017,10,1741,0.0526984,22,9.525,7,11024
17,4017,12,2034,0.0526984,22,13.055,9,13580
17,4017,14,2332,0.0526984,22,15.67,13,16857
17,4017,16,2630,0.0526982,24,15.65,13,20179
17,4017,18,2934,0.0526982,24,14.495,13,23767
17,4017,20,3222,0.0526982,22,18.91,16,27567
17,4017,22,3536,0.0526982,22,15.29,15,31684
17,4017,24,3838,0.0526982,22,13.215,12,35049
17,4017,26,4112,0.0526982,22,16.015,14,38218
17,4017,28,4419,0.0526982,22,14.895,14,41896
17,4017,30,4713,0.0526982,22,16.91,14,45696
17,4017,32,5007,0.0526982,22,18.83,16,49900
17,4017,34,5290,0.0526982,22,22.89,19,54509
17,4017,36,5607,0.0526982,22,19.045,17,59461
17,4017,38,5870,0.0526982,22,22.195,22,64057
17,4017,40,6158,0.0526982,22,20.825,20,68673
17,4017,42,6455,0.0526982,22,21.09,21,73680
17,4017,44,6745,0.0526946,21,22.07,19.5,78793
17,4017,46,7036,0.0526946,21,24.645,21,84388
17,4017,48,7339,0.0526886,24,24.88,22,90660
17,4017,50,7635,0.0526886,24,26.305,24,97250
17,4017,52,7933,0.0526886,24,24.38,23.5,103589
17,4017,54,8235,0.0526886,24,23.59,22,109771
17,4017,56,8527,0.0526886,24,25.465,23,115898
17,4017,58,8834,0.0526886,24,24.295,23,122094
17,4017,60,9121,0.0526886,24,24.275,23,127965
17,4017,62,9409,0.0526865,25,24.49,24,133850
17,4017,64,9714,0.0526865,25,21.785,20,139526
17,4017,66,9995,0.0526043,40,22.505,21,144805
17,4017,68,10270,0.0525868,36,24.68,21,150047
17,4017,70,10569,0.0525848,42,26.25,24,155865
17,4017,72,10854,0.0525848,42,26.515,26,162303
17,4017,74,11148,0.0524116,41,27.93,27,169150
17,4017,76,11426,0.0524116,41,27.57,24,175230
17,4017,78,11713,0.052246,44,29.805,28,182334
17,4017,80,11984,0.0520929,57,32.32,31.5,189023
17,4017,82,12279,0.0520929,57,30.98,29,196474
17,4017,84,12557,0.0520929,57,32.465,30,203668
17,4017,86,12861,0.0520928,57,32.88,28.5,211963
17,4017,88,13145,0.0520928,57,36.155,33,219754
17,4017,90,13447,0.052092,62,34.61,31,228220
17,4017,92,13727,0.052092,62,40.49,40,237508
17,4017,94,13986,0.052092,62,45.055,50,247300
17,4017,96,14265,0.052092,62,43.755,45.5,257691
17,4017,98,14547,0.052092,62,41.74,42.5,267722
17,4017,100,14843,0.052092,62,40.15,38,277874
17,4017,102,15124,0.052092,62,41.27,37.5,287089
17,4017,104,15419,0.052092,62,39,38,296932
17,4017,106,15711,0.052092,62,37.415,38,306391
17,4017,108,15995,0.0520705,60,40.895,38,316644
17,4017,110,16302,0.0520705,60,39.99,38,327160
17,4017,112,16589,0.0520524,61,42.595,38,337231
17,4017,114,16880,0.0520524,61,41.005,39,347268
17,4017,116,17197,0.0520524,61,37.73,38,357961
17,4017,118,17468,0.0515453,43,39.405,38,367185
17,4017,120,17751,0.0515453,43,40.02,38,376668
17,4017,122,18044,0.0515222,39,35.895,36,385905
17,4017,124,18324,0.0515222,39,33.135,34,393968
17,4017,126,18607,0.0515222,39,32.62,33,401837
17,4017,128,18900,0.0515222,39,36.945,34,410782
17,4017,130,19186,0.0512003,35,40.885,39,420304
17,4017,132,19477,0.0512003,35,40.52,37,430470
17,4017,134,19764,0.0512003,35,42.84,38,440344
17,4017,136,20000,0.0508985,43,43.375,43,449100
18,4018,0,200,0.0674722,3,12.085,9,2417
18,4018,2,559,0.0575335,8,4.82,4,4357
18,4018,4,882,0.0575335,8,3.065,3,5195
18,4018,6,1206,0.0575335,8,2.555,1,5854
18,4018,8,1552,0.0575335,8,1.84,1,6411
18,4018,10,1877,0.0575335,8,2.605,1,7026
18,4018,12,2206,0.0575335,8,2.45,1,7630
18,4018,14,2543,0.0575335,8,2.435,1,8250
18,4018,16,2877,0.0575335,8,2.605,1,8811
18,4018,18,3238,0.0575335,8,1.99,1,9368
18,4018,20,3600,0.0559605,9,1.84,1,9903
18,4018,22,3952,0.0559605,9,1.725,1,10409
18,4018,24,4272,0.0559605,9,1.97,1,10945
18,4018,26,4591,0.0559605,9,2.505,1,11448
18,4018,28,4899,0.0559605,9,2.425,1,11929
18,4018,30,5218,0.0559605,8,3.085,3,12654
18,4018,32,5513,0.0559605,8,4.445,4,13656
18,4018,34,5819,0.0559605,8,5.23,4,14959
18,4018,36,6149,0.0559605,8,4.605,4,16296
18,4018,38,6455,0.0559605,15,5.345,4,17600
18,4018,40,6772,0.0559488,4,6.675,5,19238
18,4018,42,7102,0.0559488,4,5.565,4,20748
18,4018,44,7437,0.0559488,4,4.285,4,22044
18,4018,46,7756,0.0559488,4,4.085,4,23235
18,4018,48,8085,0.0559441,4,4.035,4,24460
18,4018,50,8422,0.0559441,4,4.065,4,25751
18,4018,52,8764,0.0559441,4,4.07,4,27059
18,4018,54,9092,0.0559441,4,4.13,4,28287
18,4018,56,9419,0.0559441,4,4.185,4,29513
18,4018,58,9753,0.0559441,4,4.165,4,30781
18,4018,60,10065,0.0559441,4,4.305,4,31955
18,4018,62,10331,0.0559441,4,3.9,4,32887
18,4018,64,10607,0.0559441,6,3.725,4,33784
18,4018,66,10892,0.0559441,6,3.355,3,34609
18,4018,68,11201,0.0559441,6,3.285,3,35372
18,4018,70,11475,0.0559441,6,3.345,3,36109
18,4018,72,11751,0.0559441,6,3.755,3,36895
18,4018,74,12048,0.0559441,6,3.9,4,37739
18,4018,76,12341,0.0559441,6,4.245,4,38743
18,4018,78,12636,0.0559441,6,4.545,4,39894
18,4018,80,12939,0.0559441,10,4.715,4,41130
18,4018,82,13250,0.0559055,4,5.485,4,42572
18,4018,84,13539,0.0559055,8,5.865,5,43958
18,4018,86,13836,0.0559055,12,5.86,5,45440
18,4018,88,14143,0.0559055,12,4.925,4,46753
18,4018,90,14452,0.0559055,16,7.115,5,48365
18,4018,92,14760,0.0559055,16,6.795,5,50050
18,4018,94,15073,0.0559055,16,6.69,4,51726
18,4018,96,15359,0.0559055,21,9.265,7,53506
18,4018,98,15681,0.0559055,21,7.52,6,55528
18,4018,100,15969,0.0559055,23,8.94,7,57517
18,4018,102,16247,0.0559055,27,11.51,8,59705
18,4018,104,16567,0.0559055,23,12.655,10,62791
18,4018,106,16858,0.0559055,27,15.14,12,66076
18,4018,108,17157,0.0559055,35,17.01,14,69953
18,4018,110,17447,0.0559055,33,16.045,14,73437
18,4018,112,17726,0.0559035,38,19.095,17.5,77134
18,4018,114,18035,0.0558999,52,16.34,14,81353
18,4018,116,18320,0.0544889,41,24.465,19,86101
18,4018,118,18606,0.0544889,41,28.69,24,92441
18,4018,120,18884,0.0535336,73,35.735,35,99639
18,4018,122,19162,0.0534726,55,43.905,39,108596
18,4018,124,19447,0.0532508,76,50.015,43,119560
18,4018,126,19747,0.052685,70,49.02,45,132055
18,4018,128,20000,0.052685,70,55.575,48,142641
19,4019,0,200,0.0575653,7,12.505,8.5,2501
19,4019,2,546,0.0575653,7,5.135,4,4384
19,4019,4,887,0.0575653,7,3.315,3,5371
19,4019,6,1234,0.0575653,7,2.92,3,6282
19,4019,8,1518,0.0575653,7,4.145,3,7074
19,4019,10,1842,0.0575653,7,3.22,3,7977
19,4019,12,2161,0.0575653,7,2.715,1,8655
19,4019,14,2506,0.0575653,7,1.755,1,9094
19,4019,16,2859,0.0575653,7,1.62,1,9572
19,4019,18,3223,0.0575653,7,1.715,1,10021
19,4019,20,3562,0.0575653,7,2.015,1,10547
19,4019,22,3872,0.0575653,7,3.01,1,11194
19,4019,24,4198,0.0575653,7,2.1,1,11738
19,4019,26,4542,0.0575653,7,2.225,1,12279
19,4019,28,4862,0.0575653,7,2.78,1,12841
19,4019,30,5181,0.0575653,7,2.8,1,13433
19,4019,32,5498,0.0575653,7,2.54,1,14029
19,4019,34,5835,0.0575653,7,2.2,1,14549
19,4019,36,6173,0.0575653,7,2.08,1,15078
19,4019,38,6508,0.0575653,7,2.275,1,15629
19,4019,40,6825,0.0575653,7,3.005,1,16284
19,4019,42,7149,0.0575653,7,3.345,2,16985
19,4019,44,7482,0.0575653,7,2.275,1,17523
19,4019,46,7808,0.0575653,7,2.66,1,18030
19,4019,48,8153,0.0575653,7,2.52,1,18624
19,4019,50,8479,0.0575653,7,2.255,1,19200
19,4019,52,8796,0.0575653,7,2.62,1,19822
19,4019,54,9109,0.0575653,7,3.33,2,20534
19,4019,56,9423,0.0575653,7,3.655,3,21324
19,4019,58,9759,0.0575653,7,3.25,3,22188
19,4019,60,10074,0.0575653,7,4.56,3,23105
19,4019,62,10399,0.0575653,7,4.445,3,24223
19,4019,64,10731,0.0575653,7,3.875,3,25382
19,4019,66,11069,0.0575653,7,3.825,3,26454
19,4019,68,11403,0.0575653,7,3.895,3,27518
19,4019,70,11728,0.0575653,7,3.715,3,28555
19,4019,72,12068,0.0575653,7,3.635,3,29598
19,4019,74,12412,0.0575653,7,3.43,3,30678
19,4019,76,12741,0.0575653,7,4.205,3,31811
19,4019,78,13055,0.0575653,7,4.295,3,32887
19,4019,80,13353,0.0575653,7,4.97,4,34006
19,4019,82,13643,0.0575653,7,5.775,4,35211
19,4019,84,13948,0.0575653,13,6.12,4,36615
19,4019,86,14236,0.0553855,13,7.71,6,38035
19,4019,88,14527,0.0553855,13,7.95,6,39638
19,4019,90,14844,0.0553855,11,7.85,6,41515
19,4019,92,15139,0.0552959,15,8.22,7,43523
19,4019,94,15432,0.0552959,15,8.905,7,45572
19,4019,96,15736,0.0552959,15,7.28,7,47458
19,4019,98,16018,0.0552959,15,7.965,7,49205
19,4019,100,16320,0.0552959,15,7.45,7,51073
19,4019,102,16633,0.0552959,15,7.16,7,52985
19,4019,104,16915,0.0552959,15,8.135,7,54720
19,4019,106,17227,0.0552959,15,7.59,7,56770
19,4019,108,17541,0.0552959,15,7.375,7,58597
19,4019,110,17856,0.0552959,15,7.405,7,60515
19,4019,112,18156,0.0552959,17,7.44,7,62375
19,4019,114,18443,0.0552959,17,9.395,8,64317
19,4019,116,18762,0.0552959,17,8.77,7,66551
19,4019,118,19058,0.0552959,17,8.12,6.5,68407
19,4019,120,19362,0.0552959,17,7.455,6,70121
19,4019,122,19677,0.0552959,17,6.72,5,71656
19,4019,124,19971,0.0552958,15,7.565,5,73274
19,4019,125,20000,0.0552958,15,6.62,5,73422
20,4020,0,200,0.063065,4,12.335,9,2467
20,4020,2,540,0.0541012,6,6.395,6,4599
20,4020,4,872,0.0541012,6,4.7,4,5966
20,4020,6,1200,0.0541012,6,3.845,4,7202
20,4020,8,1474,0.0541012,6,4.77,4,8250
20,4020,10,1747,0.0541012,8,5.515,5,9491
20,4020,12,2034,0.0539422,10,5.255,5,10761
20,4020,14,2342,0.0539422,10,5.79,5,12181
20,4020,16,2647,0.0539422,10,5.63,5,13649
20,4020,18,2924,0.0539422,10,6.05,6,15018
20,4020,20,3246,0.0539422,10,5.67,5,16518
20,4020,22,3547,0.0536423,15,6.88,5.5,18132
20,4020,24,3851,0.0533722,17,7.455,6,19922
20,4020,26,4140,0.0532998,16,10.13,8,22018
20,4020,28,4428,0.0532998,16,12.58,11,24541
20,4020,30,4730,0.0532169,23,12.805,11,27563
20,4020,32,5016,0.0532098,27,17.855,15,31301
20,4020,34,5297,0.0531481,10,20.42,18,35494
20,4020,36,5599,0.0530233,61,19.005,16.5,39975
20,4020,38,5901,0.0530233,61,21,18,44941
20,4020,40,6199,0.052877,57,24.955,20,50707
20,4020,42,6510,0.0528581,52,24.245,19.5,56610
20,4020,44,6821,0.0526701,72,24.565,18.5,62447
20,4020,46,7106,0.0526701,72,30.755,25,68791
20,4020,48,7405,0.0526701,72,30.78,24.5,75725
20,4020,50,7701,0.0526687,77,33.8,27,82906
20,4020,52,7992,0.0525159,65,41.07,35,92042
20,4020,54,8293,0.0525159,65,37.85,33,101834
20,4020,56,8585,0.0522221,36,41.79,36,111777
20,4020,58,8885,0.0522079,38,40.355,37,122036
20,4020,60,9211,0.0518307,50,34.3,33.5,132341
20,4020,62,9504,0.0517262,63,33.945,32,141183
20,4020,64,9798,0.0515326,53,35.455,32,149968
20,4020,66,10077,0.0515242,56,40.53,36.5,159321
20,4020,68,10346,0.0511103,56,46.165,47,169273
20,4020,70,10611,0.0511103,56,52.745,51,180573
20,4020,72,10890,0.0511103,56,50.43,51,192677
20,4020,74,11188,0.0511103,56,46.095,46,205061
20,4020,76,11482,0.0511103,56,43.87,43,216644
20,4020,78,11762,0.0511103,56,42.745,42.5,227348
20,4020,80,12035,0.0510645,57,43.435,43,237542
20,4020,82,12331,0.0510645,57,38.455,37,247937
20,4020,84,12641,0.0510645,57,36.82,36,258344
20,4020,86,12936,0.0510576,66,38.02,36,268339
20,4020,88,13235,0.0510576,66,37.995,36,278531
20,4020,90,13542,0.0510576,66,36.07,35,288586
20,4020,92,13835,0.0507871,77,39.525,37,298265
20,4020,94,14124,0.0507871,77,44.78,39,308952
20,4020,96,14389,0.0507871,77,49.24,50,319303
20,4020,98,14665,0.0507871,77,53.465,54,331249
20,4020,100,14958,0.0507871,77,47.61,48,343409
20,4020,102,15216,0.050753,72,53.2,55,355105
20,4020,104,15463,0.0506838,67,62.59,66,368825
20,4020,106,15726,0.0506838,67,65.265,67,383954
20,4020,108,16004,0.0506838,67,60.705,62,400050
20,4020,110,16263,0.0506838,67,59.16,62,414304
20,4020,112,16536,0.0504875,74,58.815,61,428908
20,4020,114,16810,0.0503034,83,63.28,64,444700
20,4020,116,17079,0.0503034,83,62.15,64.5,459763
20,4020,118,17355,0.0501244,83,63.705,62,475248
20,4020,120,17609,0.0501244,83,67.1,70,490045
20,4020,122,17879,0.0500032,93,67.18,72.5,506122
20,4020,124,18148,0.0500032,93,67.4,67,522562
20,4020,126,18412,0.0499475,95,71.4,75.5,539234
20,4020,128,18681,0.0499304,93,71.5,75.5,556280
20,4020,130,18931,0.0498914,96,77.92,83,573355
20,4020,132,19182,0.0496862,89,80.13,89,591043
20,4020,134,19439,0.0496862,89,77.58,83,609637
20,4020,136,19692,0.0496862,89,77.34,81,627557
20,4020,138,19969,0.0496862,89,76.58,78,647212
20,4020,139,20000,0.0496862,89,77.065,78.5,649469
21,4021,0,200,0.0646191,4,13.01,8,2602
21,4021,2,547,0.0571836,13,6.125,5,4530
21,4021,4,856,0.0571836,13,5.07,4,5702
21,4021,6,1176,0.0568713,7,6.08,5,7205
21,4021,8,1462,0.0568713,7,7.835,7,8945
21,4021,10,1758,0.0549989,7,7.46,7,10834
21,4021,12,2065,0.0549989,7,7.41,7,12817
21,4021,14,2339,0.0535673,8,8.715,8,14663
21,4021,16,2629,0.0535673,8,8.68,8,16703
21,4021,18,2911,0.0534748,12,9.655,9,18949
21,4021,20,3186,0.0533915,14,10.03,9,21203
21,4021,22,3473,0.0532963,13,10.85,10,23795
21,4021,24,3765,0.0532963,13,10.715,10,26388
21,4021,26,4044,0.0532959,17,10.81,10.5,28931
21,4021,28,4318,0.0532959,17,11.835,11,31560
21,4021,30,4607,0.0532954,23,12.75,13,34526
21,4021,32,4885,0.0532954,23,14.43,14,37964
21,4021,34,5158,0.0532954,23,15.155,16,41397
21,4021,36,5432,0.0532954,23,16.04,16,45093
21,4021,38,5699,0.0532954,23,16.815,18,48889
21,4021,40,5976,0.0532954,23,17.585,19,53219
21,4021,42,6236,0.0532954,23,17.53,19,57151
21,4021,44,6505,0.0532954,23,17.54,19,61339
21,4021,46,6767,0.0532838,13,16.695,18,65074
21,4021,48,7040,0.0532838,13,15.815,16,68778
21,4021,50,7310,0.0532838,17,14.9,15,72236
21,4021,52,7600,0.0532838,17,14.075,14,75816
21,4021,54,7886,0.0532835,25,13.485,13,79192
21,4021,56,8161,0.0532835,22,15.17,15,82619
21,4021,58,8442,0.0532834,20,14.995,15,86159
21,4021,60,8717,0.0532833,18,15.475,16,89770
21,4021,62,8979,0.0532833,18,16.14,17,93507
21,4021,64,9245,0.0532754,16,16.115,18,97192
21,4021,66,9544,0.0532754,16,14.73,15,101248
21,4021,68,9819,0.0532754,16,14.03,15,104628
21,4021,70,10103,0.0532754,16,13.715,14,107979
21,4021,72,10373,0.0532754,16,13.42,13,111035
21,4021,74,10657,0.0532754,16,13.48,13,114257
21,4021,76,10935,0.0532754,16,13.035,13,117334
21,4021,78,11215,0.0532754,16,13.83,14,120551
21,4021,80,11487,0.0532754,16,13.21,14,123576
21,4021,82,11759,0.0532754,16,13.715,13.5,126753
21,4021,84,12038,0.0532754,16,13.82,14,130087
21,4021,86,12306,0.0532754,16,14.55,15,133361
21,4021,88,12572,0.0532663,19,14.25,15,136588
21,4021,90,12843,0.0532663,19,14.235,14,139832
21,4021,92,13121,0.0532663,19,15.565,16,143526
21,4021,94,13402,0.0532663,19,14.27,14.5,147033
21,4021,96,13690,0.0532663,19,13.645,13,150492
21,4021,98,13984,0.0532663,19,12.515,13,153718
21,4021,100,14260,0.0532663,19,13.345,13,156883
21,4021,102,14538,0.0532663,19,13.87,14,160190
21,4021,104,14801,0.0532663,19,14.43,15,163325
21,4021,106,15083,0.0532663,19,14.43,15,166757
21,4021,108,15349,0.0532663,19,15.43,17,170285
21,4021,110,15635,0.0532663,19,13.945,14,173771
21,4021,112,15895,0.0532663,19,14.07,14,176894
21,4021,114,16160,0.0532663,19,13.81,14,180009
21,4021,116,16438,0.0532663,19,13.845,14,183199
21,4021,118,16715,0.0532663,19,13.74,14,186386
21,4021,120,16995,0.0532663,19,14.755,15,190008
21,4021,122,17269,0.0532663,19,14.63,15,193448
21,4021,124,17539,0.0532663,21,15.085,17,196871
21,4021,126,17813,0.0532663,21,14.75,15,200411
21,4021,128,18077,0.0532663,21,14.705,15,203809
21,4021,130,18350,0.0532663,21,15.315,16,207410
21,4021,132,18640,0.0532663,21,14.555,14.5,211050
21,4021,134,18911,0.0532663,21,14.735,15,214521
21,4021,136,19192,0.0532663,21,15.43,16,218308
21,4021,138,19459,0.0532663,21,16.075,17,222040
21,4021,140,19727,0.0532663,21,15.395,15,225612
21,4021,142,20000,0.0532663,21,14.715,15,229016
22,4022,0,200,0.0631622,9,12.09,8.5,2418
22,4022,2,554,0.061999,10,5.235,4,4411
22,4022,4,888,0.061999,10,3.745,3,5543
22,4022,6,1210,0.061999,10,4.255,3,6602
22,4022,8,1524,0.0619836,9,5.21,3,7759
22,4022,10,1868,0.0619625,11,4.545,3,8984
22,4022,12,2178,0.0619625,11,5.27,3,10186
22,4022,14,2514,0.0619625,11,4.21,3,11449
22,4022,16,2850,0.0619625,11,4.41,3,12648
22,4022,18,3182,0.0619625,11,4.76,3,14002
22,4022,20,3488,0.0619625,11,5.675,3,15347
22,4022,22,3781,0.0619625,11,6.71,5,16795
22,4022,24,4068,0.0619591,15,7.1,5,18395
22,4022,26,4359,0.0550679,14,7.24,5,20034
22,4022,28,4669,0.0532531,12,6.29,4,21559
22,4022,30,4977,0.0532531,12,6.32,3,23127
22,4022,32,5298,0.052359,11,6.075,3,24635
22,4022,34,5624,0.052359,11,5.545,3,26053
22,4022,36,5980,0.052359,11,4.795,3,27471
22,4022,38,6316,0.0523392,11,3.835,3,28611
22,4022,40,6653,0.0523392,11,4.175,3,29803
22,4022,42,7001,0.0523392,11,4.06,3,30962
22,4022,44,7337,0.0523392,11,4.17,3,32031
22,4022,46,7682,0.0523392,11,3.98,3,33193
22,4022,48,8014,0.0523392,11,3.995,3,34260
22,4022,50,8344,0.0523392,11,3.71,3,35308
22,4022,52,8692,0.0522668,16,3.83,3,36478
22,4022,54,9022,0.0522668,16,4.405,3,37677
22,4022,56,9346,0.0522668,16,5.405,3,38889
22,4022,58,9694,0.0522668,16,5.615,3,40558
22,4022,60,10012,0.0522668,16,5.735,3,41930
22,4022,62,10319,0.0522668,16,9.205,5,43699
22,4022,64,10641,0.0522668,16,8.315,5,45723
22,4022,66,10976,0.0522668,16,5.8,3,47163
22,4022,68,11312,0.0522668,18,5.735,3,48592
22,4022,70,11657,0.0522668,18,5.905,3,50069
22,4022,72,11989,0.0522668,18,5.415,4,51444
22,4022,74,12311,0.0522668,18,6.49,4,52942
22,4022,76,12631,0.0522668,18,7.915,5,54676
22,4022,78,12975,0.0522668,18,6.485,5,56557
22,4022,80,13313,0.0522668,18,5.8,4,58203
22,4022,82,13635,0.0522668,18,5.09,4,59609
22,4022,84,13983,0.0522668,18,4.925,4,61140
22,4022,86,14321,0.0522668,18,5.095,4,62576
22,4022,88,14659,0.0522668,18,5.785,4,64220
22,4022,90,14996,0.0522668,18,6.12,4,65797
22,4022,92,15312,0.0522668,18,7.175,6,67568
22,4022,94,15610,0.0522668,18,7.28,6,69305
22,4022,96,15898,0.0522668,18,8.66,8,71368
22,4022,98,16197,0.0522668,18,8.25,7,73366
22,4022,100,16506,0.0522668,20,8.13,8,75443
22,4022,102,16812,0.0522668,20,8.905,8,77661
22,4022,104,17110,0.0522668,20,10.245,9,80072
22,4022,106,17416,0.0522668,20,10.715,10,82761
22,4022,108,17713,0.0522668,20,9.835,9.5,85244
22,4022,110,17993,0.0522668,20,10.355,10,87537
22,4022,112,18296,0.0522668,20,9.89,9,90019
22,4022,114,18597,0.0522668,20,9.645,8.5,92579
22,4022,116,18891,0.0522668,22,11.23,9,95191
22,4022,118,19212,0.0522668,22,8.71,8,97508
22,4022,120,19508,0.0522668,22,10.24,8,99819
22,4022,122,19811,0.0522668,22,10.065,8,102370
22,4022,124,20000,0.0522668,22,10.88,9,104100
23,4023,0,200,0.0597006,23,12.66,9,2532
23,4023,2,543,0.0562313,13,8.235,6,4954
23,4023,4,856,0.0562313,13,10.42,7.5,7217
23,4023,6,1162,0.0558948,21,10.57,8,9696
23,4023,8,1464,0.0543977,11,10.3,8.5,11940
23,4023,10,1758,0.0543977,9,13.245,9.5,14857
23,4023,12,2067,0.0541714,11,14.98,12,18500
23,4023,14,2382,0.0534459,13,13.01,12,21964
23,4023,16,2686,0.0534459,13,14.315,12,25443
23,4023,18,3000,0.0534459,13,16.14,14,29560
23,4023,20,3319,0.0532246,14,15.845,14,33944
23,4023,22,3633,0.0531731,17,14.6,13,38227
23,4023,24,3919,0.0531731,17,14.74,14,41689
23,4023,26,4220,0.0526785,24,14.44,14,45423
23,4023,28,4514,0.0526785,24,15.83,15,49449
23,4023,30,4799,0.0526785,24,16.99,15,53327
23,4023,32,5094,0.0526785,24,17.345,16,57470
23,4023,34,5384,0.0526623,28,18.235,17,61996
23,4023,36,5660,0.0526623,28,20.94,19,66409
23,4023,38,5975,0.0526623,28,17.93,16,71172
23,4023,40,6265,0.0526542,52,18.105,16.5,75420
23,4023,42,6564,0.0526275,29,21.175,16,80071
23,4023,44,6864,0.0526275,29,26.655,21.5,86087
23,4023,46,7148,0.0526275,29,31.395,29,92997
23,4023,48,7450,0.0526168,59,28.785,27,100593
23,4023,50,7732,0.0526168,59,32.17,28,107466
23,4023,52,8012,0.0526156,58,36.375,39,115366
23,4023,54,8277,0.0525831,39,38.28,37.5,123495
23,4023,56,8569,0.0525831,39,35.73,36,132457
23,4023,58,8838,0.052544,37,35.095,36,140566
23,4023,60,9105,0.052544,37,34.105,35,148321
23,4023,62,9374,0.052544,37,37.145,37,156516
23,4023,64,9654,0.0524224,37,38.415,37.5,165568
23,4023,66,9940,0.0524224,37,37.47,37,174391
23,4023,68,10236,0.0524224,37,34.86,35,183522
23,4023,70,10520,0.0524224,37,32.99,33,191594
23,4023,72,10786,0.0524224,37,36.17,35,199379
23,4023,74,11078,0.0524108,36,34.275,34,207928
23,4023,76,11371,0.0524108,36,33.8,33.5,216501
23,4023,78,11660,0.0524108,36,33.445,33,224987
23,4023,80,11930,0.0524108,36,36.115,34,233123
23,4023,82,12237,0.0523805,37,37.46,35,243336
23,4023,84,12540,0.0523803,36,37.67,36,253389
23,4023,86,12856,0.05235,37,36.735,36,263773
23,4023,88,13159,0.05235,37,38.11,35,273547
23,4023,90,13465,0.05235,37,33.36,34,282681
23,4023,92,13747,0.0522958,75,32.99,33,290748
23,4023,94,14039,0.0522672,75,36.31,32,299445
23,4023,96,14325,0.0522461,57,44.42,39,308857
23,4023,98,14591,0.0521477,100,51.3,54.5,319347
23,4023,100,14855,0.0521462,100,57.55,58.5,331163
23,4023,102,15140,0.0521442,94,57.995,55,344516
23,4023,104,15409,0.0521442,94,70.82,78,360047
23,4023,106,15673,0.0521441,107,74.23,80.5,377409
23,4023,108,15951,0.0521417,85,76.875,81.5,395689
23,4023,110,16223,0.052129,102,79.54,80.5,415199
23,4023,112,16520,0.0520804,89,78.61,75,435934
23,4023,114,16780,0.0520804,89,83.445,90.5,455330
23,4023,116,17023,0.052053,96,81.8,88.5,472794
23,4023,118,17281,0.0514613,94,80.915,84,491655
23,4023,120,17540,0.0514613,94,75.42,79,508982
23,4023,122,17819,0.0514384,92,77.615,78,528567
23,4023,124,18055,0.0514367,89,81.15,90,544880
23,4023,126,18339,0.0514367,89,77.78,80,565210
23,4023,128,18625,0.0513239,67,76.85,77,585528
23,4023,130,18902,0.0512693,69,72.945,75,604186
23,4023,132,19186,0.0507447,69,67.445,69,622076
23,4023,134,19449,0.0507055,63,60.46,64,636718
23,4023,136,19703,0.0506737,60,56.81,58,649328
23,4023,138,19992,0.0505776,81,53.86,56,663786
23,4023,139,20000,0.0505776,81,53.855,56,664267
24,4024,0,200,0.0674722,7,13.855,10,2771
24,4024,2,537,0.0610223,8,8.165,7,5558
24,4024,4,842,0.0610223,8,6.275,5,7128
24,4024,6,1136,0.056907,8,6.42,6,8550
24,4024,8,1406,0.0558124,10,7.325,7,10052
24,4024,10,1703,0.0558124,10,6.395,5.5,11654
24,4024,12,1991,0.0530204,24,6.635,6,13082
24,4024,14,2284,0.052986,21,8.23,6,14828
24,4024,16,2574,0.052986,21,11.73,8,17210
24,4024,18,2873,0.052986,21,12.45,10,19826
24,4024,20,3171,0.052986,21,13.745,11,23106
24,4024,22,3463,0.052986,21,15.58,13,26663
24,4024,24,3756,0.052986,27,15.2,15,30330
24,4024,26,4044,0.0529776,43,15.3,14,34052
24,4024,28,4331,0.0529776,43,20.275,16,38230
24,4024,30,4635,0.0529414,47,22.2,17,43123
24,4024,32,4948,0.0529414,47,22.465,17,48672
24,4024,34,5232,0.0529414,47,25.27,21,54084
24,4024,36,5524,0.0529414,47,26.02,20,60140
24,4024,38,5824,0.0529346,43,26.975,23,66255
24,4024,40,6125,0.0527065,25,27.605,24,72534
24,4024,42,6414,0.0527065,25,26.8,25,78445
24,4024,44,6715,0.0521275,20,24.115,23,84334
24,4024,46,7003,0.0521275,20,23.6,22,89946
24,4024,48,7284,0.0521275,20,24.285,22,95439
24,4024,50,7586,0.0520903,20,21.345,21,100967
24,4024,52,7875,0.0520903,20,21.75,20,106147
24,4024,54,8168,0.0520903,20,20.485,20,111239
24,4024,56,8467,0.0520903,20,18.885,18,116180
24,4024,58,8742,0.0520903,20,19.12,19.5,120721
24,4024,60,9028,0.0520903,20,20.635,20,125721
24,4024,62,9315,0.0520903,20,22.48,20,131278
24,4024,64,9636,0.0520903,22,20.765,20,137443
24,4024,66,9931,0.0520173,21,20.605,20,142906
24,4024,68,10231,0.0520173,21,19.305,19,148083
24,4024,70,10522,0.0520173,21,19.35,18,152937
24,4024,72,10831,0.0520173,21,18.61,18,158116
24,4024,74,11112,0.0520173,21,18.455,18,162532
24,4024,76,11393,0.0520173,21,18.235,18,166788
24,4024,78,11688,0.0520173,21,18.625,18,171517
24,4024,80,11997,0.0520173,21,17.625,16,176223
24,4024,82,12295,0.0520173,21,17.235,16,180743
24,4024,84,12587,0.0520173,21,19.39,19,185511
24,4024,86,12888,0.0520173,27,15.405,16,189680
24,4024,88,13167,0.0520173,27,17.47,15.5,193528
24,4024,90,13454,0.0520173,27,18.04,18,197748
24,4024,92,13735,0.0520173,27,21.86,21,202609
24,4024,94,14028,0.0520173,27,19.805,19,207597
24,4024,96,14326,0.0519938,35,18.995,18,212069
24,4024,98,14634,0.0519938,35,18.715,16,216761
24,4024,100,14945,0.0519938,35,16.595,14,221033
24,4024,102,15244,0.0519938,35,16.74,14.5,224908
24,4024,104,15558,0.0519938,35,17.19,14,229201
24,4024,106,15852,0.0519938,35,19.97,16,233465
24,4024,108,16154,0.0519938,35,23.935,18.5,238845
24,4024,110,16445,0.0519938,35,28.94,21,244770
24,4024,112,16742,0.0519938,35,32.705,25,251699
24,4024,114,17032,0.0519938,35,36.03,31,258999
24,4024,116,17347,0.0519938,35,34.91,29,267812
24,4024,118,17661,0.0519938,35,38.66,33,278027
24,4024,120,17982,0.0519938,35,35.295,32.5,288127
24,4024,122,18289,0.0519938,35,35.02,32.5,297565
24,4024,124,18606,0.0519938,35,30.785,30,306464
24,4024,126,18887,0.0519385,30,31.43,30,313817
24,4024,128,19184,0.0519385,30,28.27,27.5,321218
24,4024,130,19478,0.0519385,30,27.835,27,328441
24,4024,132,19772,0.0519385,30,28.845,26,335606
24,4024,134,20000,0.0519385,30,28.43,27,340975
25,4025,0,200,0.0639257,24,13.2,9,2640
25,4025,2,537,0.0590644,14,7.275,6,4686
25,4025,4,849,0.0544081,27,7.07,5,6257
25,4025,6,1168,0.0544081,27,8.56,5,8030
25,4025,8,1441,0.0543237,30,15.84,15,10935
25,4025,10,1713,0.0530236,25,22.45,22,15236
25,4025,12,1987,0.0524845,21,29.69,27,21696
25,4025,14,2281,0.0524845,21,27.48,23,28338
25,4025,16,2580,0.0524845,21,28.685,25,35112
25,4025,18,2896,0.0524845,21,25.615,23,42050
25,4025,20,3203,0.0524845,23,23.28,22,48338
25,4025,22,3507,0.0524845,23,20.735,21,53858
25,4025,24,3795,0.0524845,23,20.36,19,58930
25,4025,26,4075,0.0524845,23,22.22,21,63959
25,4025,28,4369,0.0524845,23,20.8,20,69024
25,4025,30,4666,0.0524845,23,21.105,20.5,74324
25,4025,32,4949,0.0524845,23,20.95,20.5,79341
25,4025,34,5234,0.0524845,23,21.055,20,84332
25,4025,36,5544,0.0523073,20,19.755,19,89503
25,4025,38,5816,0.0523073,20,22.18,20,94303
25,4025,40,6115,0.0523073,20,19.745,19,99251
25,4025,42,6409,0.0523073,20,20.945,18,104292
25,4025,44,6721,0.0523073,20,21.01,18.5,109733
25,4025,46,7019,0.0523073,20,23.475,19,115295
25,4025,48,7334,0.0523073,20,27.305,21,122206
25,4025,50,7652,0.0522446,21,24.215,22,128930
25,4025,52,7964,0.052221,23,24.695,21,135599
25,4025,54,8273,0.0521904,30,25.89,22,141943
25,4025,56,8577,0.0521904,30,27.965,23,148769
25,4025,58,8881,0.0521904,30,31.39,25.5,155951
25,4025,60,9177,0.0521856,33,35.285,30.5,164094
25,4025,62,9493,0.0520843,43,31.37,28,172598
25,4025,64,9796,0.0520843,43,28.205,27,180122
25,4025,66,10087,0.0520843,43,27.16,26,186740
25,4025,68,10394,0.0520843,43,28.92,26,194445
25,4025,70,10683,0.0520843,43,29.775,27.5,201621
25,4025,72,10982,0.0520843,43,27.25,24.5,208733
25,4025,74,11276,0.0520843,43,27.535,27,215627
25,4025,76,11546,0.0520843,43,28.75,28,222160
25,4025,78,11827,0.0520792,41,30.06,29,229215
25,4025,80,12096,0.0520547,42,32.72,33,236546
25,4025,82,12372,0.0520547,42,32.25,32,244358
25,4025,84,12660,0.0520474,27,28.29,28,251335
25,4025,86,12963,0.0520474,28,26.47,26,258441
25,4025,88,13237,0.0520474,26,26.845,27,264605
25,4025,90,13515,0.0520474,26,25.63,26,270863
25,4025,92,13799,0.0520474,26,25.325,23,276728
25,4025,94,14085,0.0520474,26,27.51,24.5,282928
25,4025,96,14386,0.0520474,28,28.57,26,290296
25,4025,98,14694,0.0519876,59,27.31,25.5,297679
25,4025,100,15000,0.0519876,58,27.405,25,304832
25,4025,102,15285,0.0519876,64,37.515,34.5,313101
25,4025,104,15572,0.0519876,64,39.46,33,322113
25,4025,106,15863,0.0519876,64,41.775,34,331853
25,4025,108,16160,0.0519876,64,41.555,37,341681
25,4025,110,16472,0.0519876,73,41.24,39,352879
25,4025,112,16749,0.0519876,73,46.14,41.5,363254
25,4025,114,17067,0.0519876,73,41.73,38,374726
25,4025,116,17357,0.0519876,73,44.42,40,385539
25,4025,118,17664,0.0519876,73,46.085,42,397488
25,4025,120,17954,0.0519876,73,50.72,45,410343
25,4025,122,18249,0.0519876,73,50.995,46,423278
25,4025,124,18554,0.0519876,74,49.715,45,436336
25,4025,126,18833,0.0519876,74,58.805,60.5,449586
25,4025,128,19090,0.0519876,74,69.265,74,463950
25,4025,130,19352,0.0519876,74,69.15,73,479509
25,4025,132,19621,0.0519876,74,68.17,73,495817
25,4025,134,19896,0.0519829,122,64.855,68.5,511234
25,4025,135,20000,0.0519829,122,62.87,60,516614
26,4026,0,200,0.0610223,6,12.25,8,2450
26,4026,2,549,0.0610223,6,5.755,5,4588
26,4026,4,860,0.0562037,8,5.235,4,5791
26,4026,6,1159,0.0562037,8,6.255,5,7237
26,4026,8,1455,0.0532788,17,6.355,6,8816
26,4026,10,1756,0.0532788,17,5.88,5,10381
26,4026,12,2046,0.0532413,13,6.255,5,11777
26,4026,14,2354,0.0532005,18,6.34,5,13348
26,4026,16,2655,0.0529,12,7.17,6,14930
26,4026,18,2967,0.0529,12,6.545,5.5,16561
26,4026,20,3281,0.0529,12,6.355,6,18169
26,4026,22,3582,0.0529,12,8.26,7,20123
26,4026,24,3876,0.0529,12,8.88,7.5,22246
26,4026,26,4164,0.0529,12,9.95,8,24488
26,4026,28,4470,0.0525542,24,9.63,8,26661
26,4026,30,4767,0.0519871,22,12.755,11,29327
26,4026,32,5046,0.0519871,22,15.96,12.5,32760
26,4026,34,5346,0.0519871,22,15.695,13.5,36369
26,4026,36,5643,0.0519871,22,15.875,14.5,40132
26,4026,38,5927,0.0519871,22,21.37,18,44596
26,4026,40,6224,0.0519867,28,26.32,22,50293
26,4026,42,6532,0.0519867,28,24.685,22,56558
26,4026,44,6831,0.0519867,28,26.54,23,63085
26,4026,46,7140,0.0519547,44,31.44,25,71119
26,4026,48,7449,0.0519547,44,29.2,25.5,78773
26,4026,50,7742,0.051954,49,33.095,30.5,86304
26,4026,52,8025,0.0519491,31,34.04,31.5,94254
26,4026,54,8307,0.0519491,31,33.385,31,102201
26,4026,56,8606,0.0519426,49,33.33,31,110937
26,4026,58,8888,0.0519426,49,37.74,35,119749
26,4026,60,9161,0.0519426,49,38.385,37,128478
26,4026,62,9460,0.0519426,49,37.195,35,138115
26,4026,64,9729,0.0519421,47,40.155,40,146945
26,4026,66,10015,0.0519338,87,40.9,40,156538
26,4026,68,10296,0.0519337,82,56.17,55,168278
26,4026,70,10539,0.0519332,69,66.585,79,180865
26,4026,72,10787,0.0519163,43,65.79,75.5,194243
26,4026,74,11038,0.0519163,43,64.03,74.5,207810
26,4026,76,11322,0.0519163,43,53.82,44,221364
26,4026,78,11644,0.0519145,45,45.825,43,234302
26,4026,80,11940,0.0519069,42,38.72,42,244667
26,4026,82,12226,0.0519069,42,36.04,37,254028
26,4026,84,12504,0.0519066,45,34.175,35,262252
26,4026,86,12791,0.0518686,41,35.535,34.5,270805
26,4026,88,13062,0.0518686,41,37.385,37,279002
26,4026,90,13351,0.0515718,64,34.585,33,287736
26,4026,92,13647,0.0515718,64,33.52,31,296420
26,4026,94,13939,0.0515718,64,38.035,35,305853
26,4026,96,14223,0.0515718,64,40.48,37,315309
26,4026,98,14514,0.0515665,64,40.815,37,325093
26,4026,100,14804,0.0515639,62,44.22,40,335997
26,4026,102,15086,0.0515555,63,45.79,46.5,346665
26,4026,104,15378,0.0515555,63,44.585,43,357265
26,4026,106,15654,0.0515555,63,43.815,42,367723
26,4026,108,15941,0.0515555,63,44.945,41,379012
26,4026,110,16219,0.0515555,63,45.19,43,389847
26,4026,112,16482,0.0515555,63,44.835,44.5,399355
26,4026,114,16765,0.0515555,63,43.935,41,409384
26,4026,116,17037,0.0511757,68,46.53,52.5,419306
26,4026,118,17310,0.0511757,68,49.285,57,430091
26,4026,120,17584,0.0509675,45,51.53,56.5,441903
26,4026,122,17855,0.0508734,50,49.035,49.5,453019
26,4026,124,18137,0.0508734,50,46.905,47,464219
26,4026,126,18437,0.0508734,50,43.315,43,475930
26,4026,128,18708,0.0508734,50,40.985,43,485763
26,4026,130,18968,0.0508734,50,42.2,41,494780
26,4026,132,19268,0.0508734,50,38.895,39.5,504532
26,4026,134,19530,0.0508734,50,38.62,36,513004
26,4026,136,19811,0.0508734,50,41.74,39.5,522695
26,4026,138,20000,0.0508734,50,46.1,44.5,529301
27,4027,0,200,0.0594839,5,11.93,8.5,2386
27,4027,2,556,0.0594839,5,4.785,4,4316
27,4027,4,856,0.0594839,5,4.17,3,5295
27,4027,6,1175,0.0573532,7,3.4,3,6168
27,4027,8,1476,0.0573532,7,3.795,3,7067
27,4027,10,1775,0.0573532,11,4.385,3,8022
27,4027,12,2064,0.0573532,11,5.245,3,9065
27,4027,14,2370,0.0573532,11,4.545,3,10053
27,4027,16,2652,0.0573532,11,6.085,5,11259
27,4027,18,2921,0.0573532,11,7.66,7,12693
27,4027,20,3221,0.0573532,11,7.805,7,14490
27,4027,22,3516,0.057018,15,8.24,7,16425
27,4027,24,3819,0.057018,15,8.71,7,18557
27,4027,26,4113,0.057018,15,9.04,7,20721
27,4027,28,4427,0.057018,15,8.795,8,23042
27,4027,30,4728,0.0549435,12,8.285,7,25137
27,4027,32,5000,0.0528781,17,9.29,9,27077
27,4027,34,5301,0.0528781,17,9.055,9,29332
27,4027,36,5573,0.0528781,17,10.865,9,31588
27,4027,38,5866,0.0528781,17,12.59,11,34226
27,4027,40,6142,0.0528781,17,12.705,12,37166
27,4027,42,6438,0.0528781,17,14.87,12,40643
27,4027,44,6739,0.0528781,17,14.89,13,44219
27,4027,46,7030,0.0528781,17,16.465,15,48085
27,4027,48,7328,0.0525756,22,15.03,15,51761
27,4027,50,7619,0.0523024,18,15.115,15,55278
27,4027,52,7892,0.0523024,18,16.95,15,58825
27,4027,54,8178,0.0523024,18,17.46,16,62617
27,4027,56,8475,0.0523024,18,17.61,15.5,66744
27,4027,58,8777,0.0523024,18,19.395,17,71294
27,4027,60,9102,0.0523024,18,19.91,18,76802
27,4027,62,9407,0.0523024,18,18.53,18,81664
27,4027,64,9706,0.0523024,18,18.57,18,86338
27,4027,66,10012,0.0523024,18,18.38,18,91133
27,4027,68,10312,0.0523024,20,17.645,17,95751
27,4027,70,10579,0.0523024,20,18.635,18,99776
27,4027,72,10873,0.0523024,20,18.745,18,104523
27,4027,74,11147,0.0523024,20,21.885,20,109218
27,4027,76,11454,0.0523024,20,20.385,20,114574
27,4027,78,11764,0.0523024,20,20.845,20,120426
27,4027,80,12065,0.0523024,20,19.625,20,125736
27,4027,82,12350,0.0523024,24,20.06,19,130544
27,4027,84,12636,0.0523014,49,21.005,20,135734
27,4027,86,12927,0.0523014,49,20.98,20,140947
27,4027,88,13200,0.0523014,49,23.635,22,145993
27,4027,90,13493,0.0522721,97,26.66,23,152086
27,4027,92,13797,0.0522721,97,34.9,24.5,159689
27,4027,94,14080,0.0522721,97,50.72,44,169421
27,4027,96,14376,0.0522113,97,56.04,44.5,181657
27,4027,98,14677,0.0522113,97,48.195,32.5,193249
27,4027,100,14964,0.0521601,92,56.445,48,204669
27,4027,102,15268,0.0520846,84,49.5,34,217014
27,4027,104,15568,0.0520788,80,49.15,41.5,228318
27,4027,106,15876,0.0520732,69,48.905,41,240066
27,4027,108,16165,0.0519933,31,51.125,44.5,252199
27,4027,110,16466,0.0519933,31,54.45,41,265418
27,4027,112,16775,0.0519105,44,51.795,42,278744
27,4027,114,17074,0.0519105,44,52.42,44,291255
27,4027,116,17394,0.0519105,44,49.955,44,304340
27,4027,118,17721,0.0519105,43,45.225,44,317471
27,4027,120,18025,0.0519105,43,41.605,42,328949
27,4027,122,18312,0.0519105,43,36.1,36.5,337932
27,4027,124,18587,0.0519105,43,41.765,40,347290
27,4027,126,18888,0.0519105,43,44.09,39,358166
27,4027,128,19184,0.0519105,43,51.09,44,370073
27,4027,130,19501,0.0519105,43,51.14,44,383581
27,4027,132,19829,0.0519105,43,40.43,43,395959
27,4027,134,20000,0.0519105,43,39.895,42,402084
28,4028,0,200,0.0674722,20,13.205,8.5,2641
28,4028,2,540,0.0638405,9,7.14,5,4946
28,4028,4,860,0.0638405,9,5.65,5,6361
28,4028,6,1137,0.0619144,15,6.76,6,7815
28,4028,8,1434,0.0617816,12,7.57,6,9564
28,4028,10,1727,0.0617661,11,9.785,8,11885
28,4028,12,2023,0.0613142,14,10.375,10,14434
28,4028,14,2311,0.0584123,21,11.19,11,17061
28,4028,16,2598,0.0584123,21,11.1,10,19704
28,4028,18,2854,0.0584123,21,14.54,15,22501
28,4028,20,3113,0.0583388,20,15.195,16,25615
28,4028,22,3396,0.0578274,17,15.12,16,29297
28,4028,24,3672,0.0572061,21,14.91,15,32667
28,4028,26,3942,0.0566287,11,14.46,14,35780
28,4028,28,4223,0.0566287,11,13.76,13,39080
28,4028,30,4504,0.0566268,12,13.845,13,42380
28,4028,32,4774,0.0553114,24,13.095,12,45248
28,4028,34,5057,0.0553114,24,13.985,13,48497
28,4028,36,5351,0.0550817,14,15.38,13,52137
28,4028,38,5653,0.0549263,27,15.84,13,55738
28,4028,40,5956,0.0549023,26,15.635,13,59578
28,4028,42,6245,0.0548604,23,17,14,63364
28,4028,44,6528,0.0541112,8,22.855,22,68262
28,4028,46,6808,0.0541112,8,25.585,27,74096
28,4028,48,7079,0.0541112,12,29.895,29,80719
28,4028,50,7369,0.0540738,24,24.84,25,86930
28,4028,52,7667,0.0540729,19,23.755,23,92858
28,4028,54,7974,0.053617,22,23.27,22,98950
28,4028,56,8282,0.053617,22,21.875,20,104758
28,4028,58,8586,0.053617,22,20.535,17,110108
28,4028,60,8884,0.0533958,27,18.715,18,115092
28,4028,62,9168,0.05328,13,20.885,19,120008
28,4028,64,9471,0.0531932,18,19.72,17,125068
28,4028,66,9769,0.0523142,17,21.82,18,130352
28,4028,68,10086,0.0523142,17,18.79,17,135611
28,4028,70,10395,0.0523142,17,17.38,17,140351
28,4028,72,10684,0.0523142,17,16.495,16,144602
28,4028,74,10949,0.0523142,17,17.07,17,148346
28,4028,76,11242,0.0523142,17,15.655,16,152195
28,4028,78,11539,0.0523142,17,15.535,15,156240
28,4028,80,11838,0.0523142,17,13.845,14,159826
28,4028,82,12131,0.0523142,17,13.62,13.5,163294
28,4028,84,12417,0.0523142,17,15.29,14,166930
28,4028,86,12711,0.0523142,17,15.855,15,170759
28,4028,88,13003,0.0523142,17,14.715,14,174368
28,4028,90,13280,0.0523142,17,14.085,14,177564
28,4028,92,13573,0.0523142,17,15.855,13.5,181178
28,4028,94,13868,0.0523142,17,16.895,16,185464
28,4028,96,14151,0.0523142,21,18.84,17,189915
28,4028,98,14449,0.0523142,21,18.135,17,194640
28,4028,100,14732,0.0523142,21,21.31,18,199416
28,4028,102,15043,0.0523142,21,24.48,20.5,205513
28,4028,104,15351,0.0521512,30,25.12,23,212207
28,4028,106,15646,0.0521512,30,33.695,27,219597
28,4028,108,15938,0.0521277,41,30.825,28,226782
28,4028,110,16226,0.0521277,41,30.36,29,233868
28,4028,112,16505,0.052123,43,32.745,32,241562
28,4028,114,16757,0.052123,43,37.9,40,249774
28,4028,116,17033,0.052123,43,37.86,39,258865
28,4028,118,17327,0.052123,43,38.155,37,269110
28,4028,120,17619,0.0521187,42,40.85,40,279848
28,4028,122,17911,0.0521187,42,43.515,40,290575
28,4028,124,18215,0.0521187,42,45.465,41,302052
28,4028,126,18533,0.052117,41,38.655,40.5,313586
28,4028,128,18804,0.052117,41,36.935,38,322906
28,4028,130,19087,0.052117,41,36.845,35,331984
28,4028,132,19374,0.0520804,50,38.02,35,341462
28,4028,134,19675,0.0520804,50,38.645,36,351700
28,4028,136,19989,0.0520804,50,35.57,35,361870
28,4028,137,20000,0.0520416,34,36.78,36,362239
29,4029,0,200,0.0559294,4,12.98,9,2596
29,4029,2,531,0.0559294,4,7.91,6,4985
29,4029,4,876,0.0559294,4,4.34,3,6335
29,4029,6,1179,0.0559294,4,4.705,4,7381
29,4029,8,1471,0.0559294,4,3.885,4,8383
29,4029,10,1750,0.0559294,4,3.77,4,9302
29,4029,12,2006,0.0559294,4,3.825,4,10128
29,4029,14,2292,0.0543256,14,3.68,3,11014
29,4029,16,2570,0.0543256,14,4.175,3,11837
29,4029,18,2873,0.0543256,14,4.365,4,12910
29,4029,20,3208,0.0543256,14,4.62,4,14193
29,4029,22,3541,0.0543256,14,4.69,4,15566
29,4029,24,3857,0.0543256,14,5.18,4,16843
29,4029,26,4209,0.0543256,14,4.675,4,18371
29,4029,28,4525,0.0543256,14,4.775,4,19664
29,4029,30,4839,0.0543256,14,5.16,4,20954
29,4029,32,5195,0.0543256,14,4.565,4,22449
29,4029,34,5516,0.0543256,14,4.91,4,23745
29,4029,36,5844,0.0543256,14,5.1,4,25182
29,4029,38,6176,0.0543256,14,5.815,4,26640
29,4029,40,6517,0.0543256,14,5.165,4,28064
29,4029,42,6850,0.0543256,14,5.235,4,29415
29,4029,44,7202,0.0543256,14,4.82,4,30931
29,4029,46,7505,0.0543256,14,5.775,4,32235
29,4029,48,7866,0.0543256,14,4.01,4,33678
29,4029,50,8173,0.0543256,14,5.45,4,34943
29,4029,52,8534,0.0543256,14,4.835,4,36502
29,4029,54,8879,0.0543256,14,4.805,4,37972
29,4029,56,9201,0.0543256,14,4.855,4,39278
29,4029,58,9529,0.0543256,14,4.83,4,40677
29,4029,60,9847,0.0543256,14,5.19,4,41960
29,4029,62,10186,0.0543256,14,5.685,4,43456
29,4029,64,10537,0.0543256,14,5.035,4,44962
29,4029,66,10883,0.0543256,14,4.98,4,46412
29,4029,68,11205,0.0543256,14,4.9,4,47752
29,4029,70,11510,0.0543256,14,4.885,4,48931
29,4029,72,11837,0.0543256,14,4.935,4,50294
29,4029,74,12150,0.0543256,14,4.86,4,51555
29,4029,76,12479,0.0543256,14,5.225,4,52956
29,4029,78,12809,0.0543256,14,4.675,4,54209
29,4029,80,13117,0.0543256,14,5.5,4,55502
29,4029,82,13473,0.0543256,14,4.935,4,57041
29,4029,84,13794,0.0541841,14,5.205,4,58384
29,4029,86,14135,0.0541841,14,5.745,4,59901
29,4029,88,14476,0.0541841,14,5.925,4,61530
29,4029,90,14817,0.0541841,14,5.345,4,62993
29,4029,92,15161,0.0541841,14,4.57,4,64428
29,4029,94,15490,0.0541841,14,5.015,4,65773
29,4029,96,15839,0.0541841,14,4.835,4,67239
29,4029,98,16162,0.0541841,14,5.29,4,68583
29,4029,100,16523,0.0541841,14,4.615,4,70205
29,4029,102,16858,0.0541841,14,5.475,4,71767
29,4029,104,17190,0.0541841,14,5.09,4,73197
29,4029,106,17535,0.0541841,14,5.12,4,74730
29,4029,108,17874,0.0541841,14,5.135,4,76181
29,4029,110,18207,0.0541841,14,5.06,4,77543
29,4029,112,18536,0.0541841,14,5.15,4,78925
29,4029,114,18884,0.0541841,14,4.59,4,80343
29,4029,116,19206,0.0541841,14,4.95,4,81656
29,4029,118,19532,0.0541841,14,4.69,4,82974
29,4029,120,19861,0.0541841,14,4.95,4,84314
29,4029,121,20000,0.0541841,14,5.25,4,84898
