run,seed,gen,evals,best_so_far,pop_best,pop_mean,feasible_frac
0,2000,0,100,233.3,366,139.223,0.09
0,2000,2,296,343.8,402.482,249.617,0.1
0,2000,4,492,392.5,435.491,315.914,0.06
0,2000,6,688,392.5,491.85,379.888,0.04
0,2000,8,884,392.5,528.076,437.485,0.01
0,2000,10,1080,392.5,564.693,478.313,0
0,2000,12,1276,392.5,577.504,506.111,0
0,2000,14,1472,392.5,591.223,522.149,0
0,2000,16,1668,392.5,605.314,539.659,0
0,2000,18,1864,392.5,609.661,551.994,0
0,2000,20,2060,392.5,609.661,566.688,0
0,2000,22,2256,392.5,609.661,567.026,0
0,2000,24,2452,392.5,609.661,575.702,0
0,2000,26,2648,392.5,609.661,571.465,0
0,2000,28,2844,392.5,609.661,572.575,0
0,2000,30,3040,392.5,609.661,573.858,0
0,2000,32,3236,392.5,611.909,570.244,0
0,2000,34,3432,392.5,621.847,570.419,0
0,2000,36,3628,392.5,621.847,568.561,0
0,2000,38,3824,392.5,648.955,574.495,0
0,2000,40,4020,392.5,648.955,575.119,0
0,2000,42,4216,392.5,648.955,587.158,0
0,2000,44,4412,392.5,648.955,605.749,0
0,2000,46,4608,392.5,648.955,611.495,0
0,2000,48,4804,392.5,648.955,602.94,0
0,2000,50,5000,392.5,648.955,604.828,0
0,2000,52,5196,392.5,648.955,609.061,0
0,2000,54,5392,392.5,648.955,605.261,0
0,2000,56,5588,392.5,648.955,601.613,0
0,2000,58,5784,392.5,648.955,611.32,0
0,2000,60,5980,392.5,648.955,608.27,0
0,2000,62,6176,392.5,648.955,610.201,0
0,2000,64,6372,392.5,648.955,613.154,0
0,2000,66,6568,392.5,648.955,607.416,0
0,2000,68,6764,392.5,648.955,609.027,0
0,2000,70,6960,392.5,648.955,606.509,0
0,2000,72,7156,392.5,648.955,611.667,0
0,2000,74,7352,392.5,648.955,615.44,0
0,2000,76,7548,392.5,648.955,615.39,0
0,2000,78,7744,392.5,648.955,613.673,0
0,2000,80,7940,392.5,648.955,617.188,0
0,2000,82,8136,392.5,648.955,606.467,0
0,2000,84,8332,392.5,648.955,607.65,0
0,2000,86,8528,392.5,648.955,597.257,0
0,2000,88,8724,392.5,648.955,607.978,0
0,2000,90,8920,392.5,648.955,602.967,0
0,2000,92,9116,392.5,648.955,609.211,0
0,2000,94,9312,392.5,648.955,604.127,0
0,2000,96,9508,392.5,648.955,600.829,0
0,2000,98,9704,392.5,648.955,606.42,0
0,2000,100,9900,392.5,648.955,610.671,0
0,2000,102,10096,392.5,648.955,608.09,0
0,2000,104,10292,392.5,648.955,603.816,0
0,2000,106,10488,392.5,648.955,607.993,0
0,2000,108,10684,392.5,648.955,604.064,0
0,2000,110,10880,392.5,648.955,613.105,0
0,2000,112,11076,392.5,648.955,609.874,0
0,2000,114,11272,392.5,648.955,605.283,0
0,2000,116,11468,392.5,648.955,607.331,0
0,2000,118,11664,392.5,648.955,594.741,0
0,2000,120,11860,392.5,648.955,604.507,0
0,2000,122,12056,392.5,648.955,601.706,0
0,2000,124,12252,392.5,648.955,604.463,0
0,2000,126,12448,392.5,648.955,609.314,0
0,2000,128,12644,392.5,648.955,605.286,0
0,2000,130,12840,392.5,648.955,606.717,0
0,2000,132,13036,392.5,648.955,609.801,0
0,2000,134,13232,392.5,648.955,607.935,0
0,2000,136,13428,392.5,648.955,605.419,0
0,2000,138,13624,392.5,648.955,606.658,0
0,2000,140,13820,392.5,648.955,603.613,0
0,2000,142,14016,392.5,648.955,605.12,0
0,2000,144,14212,392.5,648.955,607.823,0
0,2000,146,14408,392.5,648.955,596.163,0
0,2000,148,14604,392.5,648.955,607.943,0
0,2000,150,14800,392.5,648.955,608.997,0
0,2000,152,14996,392.5,648.955,606.505,0
0,2000,154,15192,392.5,648.955,612.47,0
0,2000,156,15388,392.5,648.955,615.186,0
0,2000,158,15584,392.5,648.955,620.038,0
0,2000,160,15780,392.5,648.955,607.857,0
0,2000,162,15976,392.5,648.955,608.343,0
0,2000,164,16172,392.5,648.955,615.41,0
0,2000,166,16368,392.5,648.955,606.422,0
0,2000,168,16564,392.5,648.955,609.88,0
0,2000,170,16760,392.5,648.955,607.326,0
0,2000,172,16956,392.5,648.955,602.661,0
0,2000,174,17152,392.5,648.955,599.454,0
0,2000,176,17348,392.5,648.955,605.399,0
0,2000,178,17544,392.5,648.955,609.756,0
0,2000,180,17740,392.5,648.955,600.397,0
0,2000,182,17936,392.5,648.955,607.892,0
0,2000,184,18132,392.5,648.955,611.939,0
0,2000,186,18328,392.5,648.955,609.899,0
0,2000,188,18524,392.5,648.955,610.233,0
0,2000,190,18720,392.5,648.955,611.832,0
0,2000,192,18916,392.5,648.955,613.792,0
0,2000,194,19112,392.5,648.955,613.268,0
0,2000,196,19308,392.5,648.955,616.321,0
0,2000,198,19504,392.5,648.955,611.486,0
0,2000,200,19700,392.5,648.955,610.725,0
0,2000,202,19896,392.5,648.955,614.963,0
0,2000,204,20000,392.5,648.955,608.38,0
1,2001,0,100,250.9,318.111,124.559,0.11
1,2001,2,296,311.9,370.548,231.266,0.12
1,2001,4,492,403.3,422.61,311.942,0.14
1,2001,6,688,403.3,491.26,360.25,0.05
1,2001,8,884,403.3,513.513,410.033,0.02
1,2001,10,1080,403.3,542.047,443.935,0.01
1,2001,12,1276,403.3,579.454,472.16,0
1,2001,14,1472,403.3,583.034,509.718,0
1,2001,16,1668,403.3,632.11,540.218,0
1,2001,18,1864,403.3,641.318,552.262,0
1,2001,20,2060,403.3,644.938,576.766,0
1,2001,22,2256,403.3,657.294,592.262,0
1,2001,24,2452,403.3,657.294,608.457,0
1,2001,26,2648,403.3,659.48,613.876,0
1,2001,28,2844,403.3,659.48,608.391,0
1,2001,30,3040,403.3,659.48,618.173,0
1,2001,32,3236,403.3,659.48,621.287,0
1,2001,34,3432,403.3,659.48,613.837,0
1,2001,36,3628,403.3,659.48,610.719,0
1,2001,38,3824,403.3,659.48,613.503,0
1,2001,40,4020,403.3,659.48,613.684,0
1,2001,42,4216,403.3,659.48,619.076,0
1,2001,44,4412,403.3,659.48,616.213,0
1,2001,46,4608,403.3,659.48,611.934,0
1,2001,48,4804,403.3,659.48,620.445,0
1,2001,50,5000,403.3,659.48,610.651,0
1,2001,52,5196,403.3,659.48,616.335,0
1,2001,54,5392,403.3,659.48,621.49,0
1,2001,56,5588,403.3,659.48,619.012,0
1,2001,58,5784,403.3,659.48,618.156,0
1,2001,60,5980,403.3,659.48,619.002,0
1,2001,62,6176,403.3,659.48,620.128,0
1,2001,64,6372,403.3,659.48,616.528,0
1,2001,66,6568,403.3,659.48,614.366,0
1,2001,68,6764,403.3,659.48,615.114,0
1,2001,70,6960,403.3,659.48,614.45,0
1,2001,72,7156,403.3,659.48,624.241,0
1,2001,74,7352,403.3,659.48,614.426,0
1,2001,76,7548,403.3,659.48,611.6,0
1,2001,78,7744,403.3,659.48,614.739,0
1,2001,80,7940,403.3,659.48,623.555,0
1,2001,82,8136,403.3,659.48,617.628,0
1,2001,84,8332,403.3,659.48,623.173,0
1,2001,86,8528,403.3,659.48,619.584,0
1,2001,88,8724,403.3,659.48,617.147,0
1,2001,90,8920,403.3,659.48,616.723,0
1,2001,92,9116,403.3,659.48,615.45,0
1,2001,94,9312,403.3,659.48,622.992,0
1,2001,96,9508,403.3,659.48,622.79,0
1,2001,98,9704,403.3,659.48,625.88,0
1,2001,100,9900,403.3,659.48,619.498,0
1,2001,102,10096,403.3,659.48,627.747,0
1,2001,104,10292,403.3,659.48,619.093,0
1,2001,106,10488,403.3,659.48,621.483,0
1,2001,108,10684,403.3,659.48,612.934,0
1,2001,110,10880,403.3,659.48,614.17,0
1,2001,112,11076,403.3,659.48,597.033,0
1,2001,114,11272,403.3,659.48,601.327,0
1,2001,116,11468,403.3,659.48,609.226,0
1,2001,118,11664,403.3,659.48,606.222,0
1,2001,120,11860,403.3,659.48,615.293,0
1,2001,122,12056,403.3,659.48,611.473,0
1,2001,124,12252,403.3,659.48,608.38,0
1,2001,126,12448,403.3,659.48,617.606,0
1,2001,128,12644,403.3,659.48,617.008,0
1,2001,130,12840,403.3,659.48,611.839,0
1,2001,132,13036,403.3,659.48,624.739,0
1,2001,134,13232,403.3,659.48,616.372,0
1,2001,136,13428,403.3,659.48,611.291,0
1,2001,138,13624,403.3,659.48,619.657,0
1,2001,140,13820,403.3,659.48,613.956,0
1,2001,142,14016,403.3,659.48,611.989,0
1,2001,144,14212,403.3,659.48,606.308,0
1,2001,146,14408,403.3,659.48,628.703,0
1,2001,148,14604,403.3,659.48,627.396,0
1,2001,150,14800,403.3,659.48,622.743,0
1,2001,152,14996,403.3,659.48,620.723,0
1,2001,154,15192,403.3,659.48,618.124,0
1,2001,156,15388,403.3,659.48,616.359,0
1,2001,158,15584,403.3,659.48,605.4,0
1,2001,160,15780,403.3,659.48,617.682,0
1,2001,162,15976,403.3,659.48,625.612,0
1,2001,164,16172,403.3,659.48,625.646,0
1,2001,166,16368,403.3,659.48,625.118,0
1,2001,168,16564,403.3,659.48,621.908,0
1,2001,170,16760,403.3,659.48,619.27,0
1,2001,172,16956,403.3,659.48,615.669,0
1,2001,174,17152,403.3,659.48,621.151,0
1,2001,176,17348,403.3,659.48,618.926,0
1,2001,178,17544,403.3,659.48,614.911,0
1,2001,180,17740,403.3,659.48,618.265,0
1,2001,182,17936,403.3,659.48,610.322,0
1,2001,184,18132,403.3,659.48,613.965,0
1,2001,186,18328,403.3,659.48,621.847,0
1,2001,188,18524,403.3,659.48,616.071,0
1,2001,190,18720,403.3,659.48,622.391,0
1,2001,192,18916,403.3,659.48,609.321,0
1,2001,194,19112,403.3,659.48,619.208,0
1,2001,196,19308,403.3,659.48,607.093,0
1,2001,198,19504,403.3,659.48,612.883,0
1,2001,200,19700,403.3,659.48,622.82,0
1,2001,202,19896,403.3,659.48,616.826,0
1,2001,204,20000,403.3,659.48,611.182,0
2,2002,0,100,348.8,348.8,141.362,0.14
2,2002,2,296,362.3,385.382,241.732,0.12
2,2002,4,492,381.3,466.977,309.717,0.1
2,2002,6,688,400.4,466.977,346.706,0.02
2,2002,8,884,411.1,489.016,382.882,0.02
2,2002,10,1080,411.1,543.176,421.086,0.01
2,2002,12,1276,411.1,574.369,465.08,0.01
2,2002,14,1472,411.1,593.235,504.23,0
2,2002,16,1668,411.1,600.681,522.644,0
2,2002,18,1864,411.1,621.029,541.031,0
2,2002,20,2060,411.1,631.154,564.767,0
2,2002,22,2256,411.1,633.341,582.103,0
2,2002,24,2452,411.1,636.644,591.887,0
2,2002,26,2648,411.1,648.955,593.394,0
2,2002,28,2844,411.1,648.955,588.6,0
2,2002,30,3040,411.1,648.955,606.135,0
2,2002,32,3236,411.1,648.955,608.837,0
2,2002,34,3432,411.1,648.955,606.657,0
2,2002,36,3628,411.1,648.955,616.037,0
2,2002,38,3824,411.1,648.955,599.092,0
2,2002,40,4020,411.1,648.955,609.296,0
2,2002,42,4216,411.1,648.955,596.744,0
2,2002,44,4412,411.1,648.955,606.728,0
2,2002,46,4608,411.1,648.955,609.72,0
2,2002,48,4804,411.1,648.955,612.646,0
2,2002,50,5000,411.1,648.955,611.085,0
2,2002,52,5196,411.1,648.955,605.541,0
2,2002,54,5392,411.1,648.955,612.157,0
2,2002,56,5588,411.1,648.955,608.239,0
2,2002,58,5784,411.1,648.955,602.489,0
2,2002,60,5980,411.1,648.955,599.307,0
2,2002,62,6176,411.1,648.955,602.391,0
2,2002,64,6372,411.1,648.955,607.42,0
2,2002,66,6568,411.1,648.955,612.933,0
2,2002,68,6764,411.1,648.955,615.223,0
2,2002,70,6960,411.1,648.955,605.065,0
2,2002,72,7156,411.1,648.955,606.123,0
2,2002,74,7352,411.1,648.955,612.092,0
2,2002,76,7548,411.1,648.955,599.427,0
2,2002,78,7744,411.1,648.955,605.019,0
2,2002,80,7940,411.1,648.955,610.062,0
2,2002,82,8136,411.1,648.955,608.111,0
2,2002,84,8332,411.1,648.955,609.597,0
2,2002,86,8528,411.1,648.955,606.3,0
2,2002,88,8724,411.1,648.955,607.617,0
2,2002,90,8920,411.1,648.955,605.117,0
2,2002,92,9116,411.1,648.955,605.342,0
2,2002,94,9312,411.1,648.955,612.536,0
2,2002,96,9508,411.1,648.955,611.278,0
2,2002,98,9704,411.1,648.955,618.147,0
2,2002,100,9900,411.1,648.955,612.342,0
2,2002,102,10096,411.1,648.955,613.674,0
2,2002,104,10292,411.1,648.955,600.212,0
2,2002,106,10488,411.1,648.955,605.498,0
2,2002,108,10684,411.1,648.955,606.474,0
2,2002,110,10880,411.1,648.955,611.072,0
2,2002,112,11076,411.1,648.955,612.039,0
2,2002,114,11272,411.1,648.955,612.468,0
2,2002,116,11468,411.1,648.955,613.364,0
2,2002,118,11664,411.1,648.955,599.006,0
2,2002,120,11860,411.1,648.955,611.998,0
2,2002,122,12056,411.1,648.955,608.412,0
2,2002,124,12252,411.1,648.955,608.544,0
2,2002,126,12448,411.1,648.955,604.642,0
2,2002,128,12644,411.1,648.955,605.09,0
2,2002,130,12840,411.1,648.955,611.158,0
2,2002,132,13036,411.1,648.955,606.475,0
2,2002,134,13232,411.1,648.955,611.958,0
2,2002,136,13428,411.1,648.955,610.953,0
2,2002,138,13624,411.1,648.955,606.932,0
2,2002,140,13820,411.1,648.955,611.533,0
2,2002,142,14016,411.1,648.955,603.875,0
2,2002,144,14212,411.1,648.955,601.466,0
2,2002,146,14408,411.1,648.955,608.392,0
2,2002,148,14604,411.1,648.955,617.326,0
2,2002,150,14800,411.1,648.955,609.522,0
2,2002,152,14996,411.1,648.955,611.628,0
2,2002,154,15192,411.1,648.955,610.727,0
2,2002,156,15388,411.1,648.955,609.623,0
2,2002,158,15584,411.1,648.955,609.233,0
2,2002,160,15780,411.1,648.955,606.451,0
2,2002,162,15976,411.1,648.955,605.646,0
2,2002,164,16172,411.1,648.955,602.515,0
2,2002,166,16368,411.1,659.48,597.296,0
2,2002,168,16564,411.1,659.48,593.425,0
2,2002,170,16760,411.1,659.48,595.433,0
2,2002,172,16956,411.1,659.48,605.821,0
2,2002,174,17152,411.1,659.48,604.596,0
2,2002,176,17348,411.1,659.48,594.978,0
2,2002,178,17544,411.1,659.48,594.449,0
2,2002,180,17740,411.1,659.48,608.785,0
2,2002,182,17936,411.1,659.48,609.677,0
2,2002,184,18132,411.1,659.48,618.194,0
2,2002,186,18328,411.1,659.48,623.596,0
2,2002,188,18524,411.1,659.48,625.205,0
2,2002,190,18720,411.1,659.48,617.706,0
2,2002,192,18916,411.1,659.48,618.464,0
2,2002,194,19112,411.1,659.48,620.625,0
2,2002,196,19308,411.1,659.48,619.799,0
2,2002,198,19504,411.1,659.48,619.53,0
2,2002,200,19700,411.1,659.48,612.296,0
2,2002,202,19896,411.1,659.48,613.562,0
2,2002,204,20000,411.1,659.48,629.526,0
3,2003,0,100,253.8,332.45,124.538,0.12
3,2003,2,296,366.4,366.4,216.363,0.15
3,2003,4,492,373.5,433.583,296.182,0.13
3,2003,6,688,373.6,477.389,356.803,0.06
3,2003,8,884,399.5,507.826,404.793,0.01
3,2003,10,1080,451.8,538.485,436.323,0.01
3,2003,12,1276,451.8,588.359,473.999,0
3,2003,14,1472,451.8,596.847,501.9,0
3,2003,16,1668,451.8,596.847,518.849,0
3,2003,18,1864,451.8,610.755,547.934,0
3,2003,20,2060,451.8,610.755,565.226,0
3,2003,22,2256,451.8,613.904,563.802,0
3,2003,24,2452,451.8,644.09,571.268,0
3,2003,26,2648,451.8,644.09,565.745,0
3,2003,28,2844,451.8,644.09,571.634,0
3,2003,30,3040,451.8,651.012,571.14,0
3,2003,32,3236,451.8,653.198,585.456,0
3,2003,34,3432,451.8,653.198,588.378,0
3,2003,36,3628,451.8,653.198,600.839,0
3,2003,38,3824,451.8,657.294,601.314,0
3,2003,40,4020,451.8,657.294,601.718,0
3,2003,42,4216,451.8,657.294,602.163,0
3,2003,44,4412,451.8,657.294,595.925,0
3,2003,46,4608,451.8,659.48,597.906,0
3,2003,48,4804,451.8,659.48,601.752,0
3,2003,50,5000,451.8,659.48,612.323,0
3,2003,52,5196,451.8,659.48,591.491,0
3,2003,54,5392,451.8,659.48,603.076,0
3,2003,56,5588,451.8,659.48,597.698,0
3,2003,58,5784,451.8,659.48,595.145,0
3,2003,60,5980,451.8,659.48,605.149,0
3,2003,62,6176,451.8,659.48,609.43,0
3,2003,64,6372,451.8,659.48,613.106,0
3,2003,66,6568,451.8,659.48,617.649,0
3,2003,68,6764,451.8,659.48,628.523,0
3,2003,70,6960,451.8,659.48,629.182,0
3,2003,72,7156,451.8,659.48,625.128,0
3,2003,74,7352,451.8,659.48,621.456,0
3,2003,76,7548,451.8,659.48,618.829,0
3,2003,78,7744,451.8,659.48,622.387,0
3,2003,80,7940,451.8,659.48,610.453,0
3,2003,82,8136,451.8,659.48,611.684,0
3,2003,84,8332,451.8,659.48,615.131,0
3,2003,86,8528,451.8,659.48,624.052,0
3,2003,88,8724,451.8,659.48,623.484,0
3,2003,90,8920,451.8,659.48,625.642,0
3,2003,92,9116,451.8,659.48,617.91,0
3,2003,94,9312,451.8,659.48,619.879,0
3,2003,96,9508,451.8,659.48,617.253,0
3,2003,98,9704,451.8,659.48,620.21,0
3,2003,100,9900,451.8,659.48,622.273,0
3,2003,102,10096,451.8,659.48,619.528,0
3,2003,104,10292,451.8,659.48,617.053,0
3,2003,106,10488,451.8,659.48,613.341,0
3,2003,108,10684,451.8,659.48,613.231,0
3,2003,110,10880,451.8,659.48,614.535,0
3,2003,112,11076,451.8,659.48,622.739,0
3,2003,114,11272,451.8,659.48,616.261,0
3,2003,116,11468,451.8,659.48,607.441,0
3,2003,118,11664,451.8,659.48,618.922,0
3,2003,120,11860,451.8,659.48,618.344,0
3,2003,122,12056,451.8,659.48,619.279,0
3,2003,124,12252,451.8,659.48,617.126,0
3,2003,126,12448,451.8,659.48,618.257,0
3,2003,128,12644,451.8,659.48,614.12,0
3,2003,130,12840,451.8,659.48,611.688,0
3,2003,132,13036,451.8,659.48,622.4,0
3,2003,134,13232,451.8,659.48,616.889,0
3,2003,136,13428,451.8,659.48,615.863,0
3,2003,138,13624,451.8,659.48,611.285,0
3,2003,140,13820,451.8,659.48,607.593,0
3,2003,142,14016,451.8,659.48,614.355,0
3,2003,144,14212,451.8,659.48,619.082,0
3,2003,146,14408,451.8,659.48,620.109,0
3,2003,148,14604,451.8,659.48,623.819,0
3,2003,150,14800,451.8,659.48,614.367,0
3,2003,152,14996,451.8,659.48,622.801,0
3,2003,154,15192,451.8,659.48,620.167,0
3,2003,156,15388,451.8,659.48,614.448,0
3,2003,158,15584,451.8,659.48,619.12,0
3,2003,160,15780,451.8,659.48,621.031,0
3,2003,162,15976,451.8,659.48,619.643,0
3,2003,164,16172,451.8,659.48,618.47,0
3,2003,166,16368,451.8,659.48,622.587,0
3,2003,168,16564,451.8,659.48,621.383,0
3,2003,170,16760,451.8,659.48,625.948,0
3,2003,172,16956,451.8,659.48,617.427,0
3,2003,174,17152,451.8,659.48,623.951,0
3,2003,176,17348,451.8,659.48,611.838,0
3,2003,178,17544,451.8,659.48,617.594,0
3,2003,180,17740,451.8,659.48,612.051,0
3,2003,182,17936,451.8,659.48,607.691,0
3,2003,184,18132,451.8,659.48,618.169,0
3,2003,186,18328,451.8,659.48,615.175,0
3,2003,188,18524,451.8,659.48,622.132,0
3,2003,190,18720,451.8,659.48,624.937,0
3,2003,192,18916,451.8,659.48,621.029,0
3,2003,194,19112,451.8,659.48,612.769,0
3,2003,196,19308,451.8,659.48,614.022,0
3,2003,198,19504,451.8,659.48,610.846,0
3,2003,200,19700,451.8,659.48,609.64,0
3,2003,202,19896,451.8,659.48,615.303,0
3,2003,204,20000,451.8,659.48,645.632,0
4,2004,0,100,264.2,294.985,138.254,0.08
4,2004,2,296,326,418.917,226.527,0.09
4,2004,4,492,340.7,428.372,289.439,0.08
4,2004,6,688,391.5,478.797,346.639,0.03
4,2004,8,884,414.5,529.714,389.669,0
4,2004,10,1080,414.5,538.645,434.3,0
4,2004,12,1276,414.5,616.605,467.11,0
4,2004,14,1472,414.5,616.605,498.544,0
4,2004,16,1668,414.5,631.866,542.219,0
4,2004,18,1864,414.5,651.012,572.307,0
4,2004,20,2060,414.5,651.012,582.515,0
4,2004,22,2256,414.5,651.012,595.779,0
4,2004,24,2452,414.5,653.198,603.739,0
4,2004,26,2648,414.5,653.198,608.55,0
4,2004,28,2844,414.5,653.198,613.076,0
4,2004,30,3040,414.5,653.198,613.799,0
4,2004,32,3236,414.5,653.198,607.907,0
4,2004,34,3432,414.5,653.198,609.435,0
4,2004,36,3628,414.5,653.198,607.032,0
4,2004,38,3824,414.5,653.198,608.717,0
4,2004,40,4020,414.5,653.198,618.681,0
4,2004,42,4216,414.5,653.198,616.468,0
4,2004,44,4412,414.5,653.198,614.25,0
4,2004,46,4608,414.5,653.198,621.24,0
4,2004,48,4804,414.5,653.198,616.313,0
4,2004,50,5000,414.5,653.198,609.426,0
4,2004,52,5196,414.5,653.198,609.854,0
4,2004,54,5392,414.5,653.198,603.767,0
4,2004,56,5588,414.5,653.198,613.517,0
4,2004,58,5784,414.5,653.198,615.551,0
4,2004,60,5980,414.5,653.198,617.94,0
4,2004,62,6176,414.5,653.198,608.805,0
4,2004,64,6372,414.5,653.198,611.677,0
4,2004,66,6568,414.5,653.198,611.071,0
4,2004,68,6764,414.5,653.198,606.399,0
4,2004,70,6960,414.5,653.198,604.672,0
4,2004,72,7156,414.5,653.198,614.424,0
4,2004,74,7352,414.5,653.198,612.886,0
4,2004,76,7548,414.5,653.198,615.658,0
4,2004,78,7744,414.5,653.198,617.392,0
4,2004,80,7940,414.5,653.198,612.619,0
4,2004,82,8136,414.5,653.198,612.44,0
4,2004,84,8332,414.5,653.198,607.461,0
4,2004,86,8528,414.5,653.198,614.899,0
4,2004,88,8724,414.5,659.48,612.451,0
4,2004,90,8920,414.5,659.48,609.273,0
4,2004,92,9116,414.5,659.48,607.556,0
4,2004,94,9312,414.5,659.48,604.064,0
4,2004,96,9508,414.5,659.48,596.928,0
4,2004,98,9704,414.5,659.48,594.058,0
4,2004,100,9900,414.5,659.48,607.094,0
4,2004,102,10096,414.5,659.48,608.423,0
4,2004,104,10292,414.5,659.48,609.17,0
4,2004,106,10488,414.5,659.48,605.228,0
4,2004,108,10684,414.5,659.48,613.054,0
4,2004,110,10880,414.5,659.48,610.498,0
4,2004,112,11076,414.5,659.48,619.747,0
4,2004,114,11272,414.5,659.48,617.597,0
4,2004,116,11468,414.5,659.48,618.781,0
4,2004,118,11664,414.5,659.48,619.496,0
4,2004,120,11860,414.5,659.48,621.478,0
4,2004,122,12056,414.5,659.48,620.798,0
4,2004,124,12252,414.5,659.48,619.08,0
4,2004,126,12448,414.5,659.48,621.552,0
4,2004,128,12644,414.5,659.48,619.039,0
4,2004,130,12840,414.5,659.48,618.001,0
4,2004,132,13036,414.5,659.48,614.145,0
4,2004,134,13232,414.5,659.48,618.732,0
4,2004,136,13428,414.5,659.48,609.896,0
4,2004,138,13624,414.5,659.48,613.284,0
4,2004,140,13820,414.5,659.48,624.82,0
4,2004,142,14016,414.5,659.48,623.76,0
4,2004,144,14212,414.5,659.48,625.502,0
4,2004,146,14408,414.5,659.48,613.114,0
4,2004,148,14604,414.5,659.48,614.777,0
4,2004,150,14800,414.5,659.48,611.558,0
4,2004,152,14996,414.5,659.48,619.889,0
4,2004,154,15192,414.5,659.48,614.623,0
4,2004,156,15388,414.5,659.48,616.81,0
4,2004,158,15584,414.5,659.48,616.009,0
4,2004,160,15780,414.5,659.48,618.22,0
4,2004,162,15976,414.5,659.48,617.899,0
4,2004,164,16172,414.5,659.48,612.436,0
4,2004,166,16368,414.5,659.48,621.947,0
4,2004,168,16564,414.5,659.48,617.154,0
4,2004,170,16760,414.5,659.48,618.142,0
4,2004,172,16956,414.5,659.48,621.53,0
4,2004,174,17152,414.5,659.48,609.585,0
4,2004,176,17348,414.5,659.48,619.078,0
4,2004,178,17544,414.5,659.48,617.582,0
4,2004,180,17740,414.5,659.48,620.447,0
4,2004,182,17936,414.5,659.48,623.054,0
4,2004,184,18132,414.5,659.48,622.861,0
4,2004,186,18328,414.5,659.48,610.899,0
4,2004,188,18524,414.5,659.48,613.407,0
4,2004,190,18720,414.5,659.48,614.073,0
4,2004,192,18916,414.5,659.48,606.364,0
4,2004,194,19112,414.5,659.48,621.167,0
4,2004,196,19308,414.5,659.48,616.891,0
4,2004,198,19504,414.5,659.48,620.59,0
4,2004,200,19700,414.5,659.48,620.055,0
4,2004,202,19896,414.5,659.48,617.904,0
4,2004,204,20000,414.5,659.48,642.982,0
5,2005,0,100,248.1,297.762,124.615,0.09
5,2005,2,296,346.4,346.4,223.818,0.1
5,2005,4,492,365.4,412.334,284.471,0.05
5,2005,6,688,371,452.123,329.133,0.05
5,2005,8,884,371,475.096,374.378,0
5,2005,10,1080,383.7,543.623,408.554,0.01
5,2005,12,1276,419.1,543.623,443.858,0.02
5,2005,14,1472,431.6,591.344,479.597,0
5,2005,16,1668,431.6,604.439,509.692,0
5,2005,18,1864,431.6,615.687,530.917,0
5,2005,20,2060,431.6,626.588,555.314,0
5,2005,22,2256,431.6,633.04,563.587,0
5,2005,24,2452,431.6,642.672,572.357,0
5,2005,26,2648,431.6,642.672,581.494,0
5,2005,28,2844,431.6,642.672,593.377,0
5,2005,30,3040,431.6,642.672,595.813,0
5,2005,32,3236,431.6,642.672,597.37,0
5,2005,34,3432,431.6,648.955,593.946,0
5,2005,36,3628,431.6,648.955,600.837,0
5,2005,38,3824,431.6,648.955,597.576,0
5,2005,40,4020,431.6,648.955,589.124,0
5,2005,42,4216,431.6,648.955,593.839,0
5,2005,44,4412,431.6,648.955,595.004,0
5,2005,46,4608,431.6,648.955,597.568,0
5,2005,48,4804,431.6,648.955,590.998,0
5,2005,50,5000,431.6,648.955,598.338,0
5,2005,52,5196,431.6,648.955,596.811,0
5,2005,54,5392,431.6,648.955,600.725,0
5,2005,56,5588,431.6,648.955,610.274,0
5,2005,58,5784,431.6,648.955,604.277,0
5,2005,60,5980,431.6,648.955,609.899,0
5,2005,62,6176,431.6,648.955,609.675,0
5,2005,64,6372,431.6,648.955,612.717,0
5,2005,66,6568,431.6,648.955,605.77,0
5,2005,68,6764,431.6,648.955,608.303,0
5,2005,70,6960,431.6,648.955,602.471,0
5,2005,72,7156,431.6,648.955,606.691,0
5,2005,74,7352,431.6,648.955,605.473,0
5,2005,76,7548,431.6,648.955,611.081,0
5,2005,78,7744,431.6,648.955,604.391,0
5,2005,80,7940,431.6,648.955,603.07,0
5,2005,82,8136,431.6,648.955,611.989,0
5,2005,84,8332,431.6,648.955,602.046,0
5,2005,86,8528,431.6,648.955,609.349,0
5,2005,88,8724,431.6,648.955,610.203,0
5,2005,90,8920,431.6,648.955,601.806,0
5,2005,92,9116,431.6,648.955,610.46,0
5,2005,94,9312,431.6,648.955,611.448,0
5,2005,96,9508,431.6,648.955,603.996,0
5,2005,98,9704,431.6,648.955,610.577,0
5,2005,100,9900,431.6,648.955,595.397,0
5,2005,102,10096,431.6,648.955,610.554,0
5,2005,104,10292,431.6,648.955,608.015,0
5,2005,106,10488,431.6,648.955,600.224,0
5,2005,108,10684,431.6,648.955,599.903,0
5,2005,110,10880,431.6,648.955,609.959,0
5,2005,112,11076,431.6,648.955,609.498,0
5,2005,114,11272,431.6,648.955,605.594,0
5,2005,116,11468,431.6,648.955,605.95,0
5,2005,118,11664,431.6,648.955,610.536,0
5,2005,120,11860,431.6,648.955,612.027,0
5,2005,122,12056,431.6,648.955,613.221,0
5,2005,124,12252,431.6,648.955,611.623,0
5,2005,126,12448,431.6,648.955,613.149,0
5,2005,128,12644,431.6,648.955,615.544,0
5,2005,130,12840,431.6,648.955,610.429,0
5,2005,132,13036,431.6,648.955,615.975,0
5,2005,134,13232,431.6,648.955,611.327,0
5,2005,136,13428,431.6,648.955,605.765,0
5,2005,138,13624,431.6,648.955,606.804,0
5,2005,140,13820,431.6,648.955,608.373,0
5,2005,142,14016,431.6,648.955,610.19,0
5,2005,144,14212,431.6,648.955,613.917,0
5,2005,146,14408,431.6,648.955,606.132,0
5,2005,148,14604,431.6,648.955,604.997,0
5,2005,150,14800,431.6,648.955,610.657,0
5,2005,152,14996,431.6,648.955,613.013,0
5,2005,154,15192,431.6,648.955,621.829,0
5,2005,156,15388,431.6,648.955,613.328,0
5,2005,158,15584,431.6,648.955,615.816,0
5,2005,160,15780,431.6,648.955,607.817,0
5,2005,162,15976,431.6,648.955,617.078,0
5,2005,164,16172,431.6,648.955,601.088,0
5,2005,166,16368,431.6,648.955,602.755,0
5,2005,168,16564,431.6,648.955,600.106,0
5,2005,170,16760,431.6,648.955,603.981,0
5,2005,172,16956,431.6,648.955,605.157,0
5,2005,174,17152,431.6,648.955,608.071,0
5,2005,176,17348,431.6,648.955,614.648,0
5,2005,178,17544,431.6,648.955,609.917,0
5,2005,180,17740,431.6,648.955,606.197,0
5,2005,182,17936,431.6,648.955,600.311,0
5,2005,184,18132,431.6,648.955,603.953,0
5,2005,186,18328,431.6,648.955,610.883,0
5,2005,188,18524,431.6,648.955,608.155,0
5,2005,190,18720,431.6,648.955,612.457,0
5,2005,192,18916,431.6,648.955,610.922,0
5,2005,194,19112,431.6,648.955,608.403,0
5,2005,196,19308,431.6,648.955,606.669,0
5,2005,198,19504,431.6,648.955,607.954,0
5,2005,200,19700,431.6,648.955,600.186,0
5,2005,202,19896,431.6,648.955,608.504,0
5,2005,204,20000,431.6,648.955,611.186,0
6,2006,0,100,292.2,292.2,128.026,0.15
6,2006,2,296,343.3,350.339,226.048,0.09
6,2006,4,492,382.3,418.286,286.037,0.02
6,2006,6,688,382.3,454.167,329.416,0.01
6,2006,8,884,394.3,529.744,380.08,0.04
6,2006,10,1080,427.9,570.674,427.882,0
6,2006,12,1276,427.9,570.674,469.13,0
6,2006,14,1472,427.9,598.448,509.317,0
6,2006,16,1668,427.9,623.859,531.887,0
6,2006,18,1864,427.9,639.132,541.721,0
6,2006,20,2060,427.9,659.48,566.794,0
6,2006,22,2256,427.9,659.48,592.149,0
6,2006,24,2452,427.9,659.48,595.762,0
6,2006,26,2648,427.9,659.48,612.828,0
6,2006,28,2844,427.9,659.48,617.17,0
6,2006,30,3040,427.9,659.48,619.434,0
6,2006,32,3236,427.9,659.48,613.844,0
6,2006,34,3432,427.9,659.48,615.077,0
6,2006,36,3628,427.9,659.48,604.669,0
6,2006,38,3824,427.9,659.48,619.154,0
6,2006,40,4020,427.9,659.48,612.382,0
6,2006,42,4216,427.9,659.48,616.155,0
6,2006,44,4412,427.9,659.48,610.391,0
6,2006,46,4608,427.9,659.48,619.084,0
6,2006,48,4804,427.9,659.48,625.044,0
6,2006,50,5000,427.9,659.48,624.574,0
6,2006,52,5196,427.9,659.48,615.227,0
6,2006,54,5392,427.9,659.48,619.957,0
6,2006,56,5588,427.9,659.48,616.252,0
6,2006,58,5784,427.9,659.48,614.751,0
6,2006,60,5980,427.9,659.48,619.033,0
6,2006,62,6176,427.9,659.48,619.117,0
6,2006,64,6372,427.9,659.48,622.113,0
6,2006,66,6568,427.9,659.48,622.926,0
6,2006,68,6764,427.9,659.48,617.058,0
6,2006,70,6960,427.9,659.48,614.613,0
6,2006,72,7156,427.9,659.48,618.904,0
6,2006,74,7352,427.9,659.48,617.791,0
6,2006,76,7548,427.9,659.48,617.179,0
6,2006,78,7744,427.9,659.48,615.626,0
6,2006,80,7940,427.9,659.48,618.488,0
6,2006,82,8136,427.9,659.48,619.67,0
6,2006,84,8332,427.9,659.48,620.904,0
6,2006,86,8528,427.9,659.48,619.895,0
6,2006,88,8724,427.9,659.48,620.234,0
6,2006,90,8920,427.9,659.48,621.281,0
6,2006,92,9116,427.9,659.48,623.279,0
6,2006,94,9312,427.9,659.48,618.151,0
6,2006,96,9508,427.9,659.48,624.521,0
6,2006,98,9704,427.9,659.48,617.625,0
6,2006,100,9900,427.9,659.48,621.769,0
6,2006,102,10096,427.9,659.48,629.859,0
6,2006,104,10292,427.9,659.48,625.295,0
6,2006,106,10488,427.9,659.48,623.524,0
6,2006,108,10684,427.9,659.48,617.704,0
6,2006,110,10880,427.9,659.48,619.831,0
6,2006,112,11076,427.9,659.48,624.885,0
6,2006,114,11272,427.9,659.48,614.838,0
6,2006,116,11468,427.9,659.48,622.783,0
6,2006,118,11664,427.9,659.48,613.451,0
6,2006,120,11860,427.9,659.48,619.391,0
6,2006,122,12056,427.9,659.48,620.231,0
6,2006,124,12252,427.9,659.48,611.178,0
6,2006,126,12448,427.9,659.48,621.183,0
6,2006,128,12644,427.9,659.48,608.861,0
6,2006,130,12840,427.9,659.48,616.487,0
6,2006,132,13036,427.9,659.48,615.273,0
6,2006,134,13232,427.9,659.48,615.303,0
6,2006,136,13428,427.9,659.48,610.827,0
6,2006,138,13624,427.9,659.48,619.258,0
6,2006,140,13820,427.9,659.48,612.063,0
6,2006,142,14016,427.9,659.48,616.687,0
6,2006,144,14212,427.9,659.48,613.266,0
6,2006,146,14408,427.9,659.48,612.698,0
6,2006,148,14604,427.9,659.48,614.987,0
6,2006,150,14800,427.9,659.48,620.938,0
6,2006,152,14996,427.9,659.48,612.945,0
6,2006,154,15192,427.9,659.48,607.945,0
6,2006,156,15388,427.9,659.48,605.748,0
6,2006,158,15584,427.9,659.48,617.463,0
6,2006,160,15780,427.9,659.48,608.432,0
6,2006,162,15976,427.9,659.48,619.887,0
6,2006,164,16172,427.9,659.48,616.605,0
6,2006,166,16368,427.9,659.48,607.605,0
6,2006,168,16564,427.9,659.48,610.969,0
6,2006,170,16760,427.9,659.48,615.557,0
6,2006,172,16956,427.9,659.48,615.85,0
6,2006,174,17152,427.9,659.48,615.889,0
6,2006,176,17348,427.9,659.48,619.955,0
6,2006,178,17544,427.9,659.48,613.08,0
6,2006,180,17740,427.9,659.48,619.234,0
6,2006,182,17936,427.9,659.48,617.824,0
6,2006,184,18132,427.9,659.48,615.115,0
6,2006,186,18328,427.9,659.48,624.616,0
6,2006,188,18524,427.9,659.48,617.513,0
6,2006,190,18720,427.9,659.48,618.376,0
6,2006,192,18916,427.9,659.48,623.108,0
6,2006,194,19112,427.9,659.48,622.732,0
6,2006,196,19308,427.9,659.48,622.091,0
6,2006,198,19504,427.9,659.48,618.736,0
6,2006,200,19700,427.9,659.48,616.332,0
6,2006,202,19896,427.9,659.48,624.459,0
6,2006,204,20000,427.9,659.48,607.204,0
7,2007,0,100,333.9,333.9,130.814,0.08
7,2007,2,296,355.6,428.264,251.707,0.15
7,2007,4,492,355.6,464.82,320.247,0.12
7,2007,6,688,409,499.714,374.54,0.06
7,2007,8,884,409,570.032,434.726,0.01
7,2007,10,1080,409,570.032,479.091,0
7,2007,12,1276,409,600.16,508.08,0
7,2007,14,1472,409,618.698,530.154,0
7,2007,16,1668,409,629.809,561.924,0
7,2007,18,1864,409,639.747,579.688,0
7,2007,20,2060,409,648.955,582.401,0
7,2007,22,2256,409,648.955,593.836,0
7,2007,24,2452,409,648.955,600.785,0
7,2007,26,2648,409,648.955,598.169,0
7,2007,28,2844,409,648.955,607.514,0
7,2007,30,3040,409,648.955,606.365,0
7,2007,32,3236,409,648.955,613.955,0
7,2007,34,3432,409,648.955,605.257,0
7,2007,36,3628,409,648.955,614.533,0
7,2007,38,3824,409,648.955,609.023,0
7,2007,40,4020,409,648.955,612.591,0
7,2007,42,4216,409,648.955,602.201,0
7,2007,44,4412,409,648.955,612.588,0
7,2007,46,4608,409,648.955,607.337,0
7,2007,48,4804,409,648.955,603.987,0
7,2007,50,5000,409,648.955,601.261,0
7,2007,52,5196,409,648.955,611.811,0
7,2007,54,5392,409,648.955,604.839,0
7,2007,56,5588,409,648.955,607.829,0
7,2007,58,5784,409,648.955,602.476,0
7,2007,60,5980,409,648.955,604.449,0
7,2007,62,6176,409,648.955,602.938,0
7,2007,64,6372,409,648.955,607.931,0
7,2007,66,6568,409,648.955,605.76,0
7,2007,68,6764,409,648.955,604.996,0
7,2007,70,6960,409,648.955,604.883,0
7,2007,72,7156,409,648.955,609.753,0
7,2007,74,7352,409,648.955,607.525,0
7,2007,76,7548,409,648.955,603.171,0
7,2007,78,7744,409,648.955,601.539,0
7,2007,80,7940,409,648.955,602.056,0
7,2007,82,8136,409,648.955,606.792,0
7,2007,84,8332,409,648.955,603.515,0
7,2007,86,8528,409,648.955,609.958,0
7,2007,88,8724,409,648.955,610.632,0
7,2007,90,8920,409,648.955,608.072,0
7,2007,92,9116,409,648.955,606.812,0
7,2007,94,9312,409,648.955,610.115,0
7,2007,96,9508,409,648.955,604.307,0
7,2007,98,9704,409,648.955,613.009,0
7,2007,100,9900,409,648.955,614.169,0
7,2007,102,10096,409,648.955,620.892,0
7,2007,104,10292,409,648.955,613.452,0
7,2007,106,10488,409,648.955,608.428,0
7,2007,108,10684,409,648.955,612.579,0
7,2007,110,10880,409,648.955,609.443,0
7,2007,112,11076,409,648.955,613.741,0
7,2007,114,11272,409,648.955,613.778,0
7,2007,116,11468,409,648.955,616.352,0
7,2007,118,11664,409,648.955,612.735,0
7,2007,120,11860,409,648.955,602.856,0
7,2007,122,12056,409,648.955,611.029,0
7,2007,124,12252,409,648.955,605.813,0
7,2007,126,12448,409,648.955,607.48,0
7,2007,128,12644,409,648.955,617.119,0
7,2007,130,12840,409,648.955,612.129,0
7,2007,132,13036,409,648.955,605.799,0
7,2007,134,13232,409,648.955,620.553,0
7,2007,136,13428,409,648.955,615.973,0
7,2007,138,13624,409,659.48,611.322,0
7,2007,140,13820,409,659.48,600.323,0
7,2007,142,14016,409,659.48,599.651,0
7,2007,144,14212,409,659.48,598.18,0
7,2007,146,14408,409,659.48,595.815,0
7,2007,148,14604,409,659.48,594.506,0
7,2007,150,14800,409,659.48,609.081,0
7,2007,152,14996,409,659.48,610.542,0
7,2007,154,15192,409,659.48,611.934,0
7,2007,156,15388,409,659.48,619.444,0
7,2007,158,15584,409,659.48,620.553,0
7,2007,160,15780,409,659.48,615.235,0
7,2007,162,15976,409,659.48,622.868,0
7,2007,164,16172,409,659.48,622.156,0
7,2007,166,16368,409,659.48,618.819,0
7,2007,168,16564,409,659.48,616.82,0
7,2007,170,16760,409,659.48,614.433,0
7,2007,172,16956,409,659.48,622.693,0
7,2007,174,17152,409,659.48,621.89,0
7,2007,176,17348,409,659.48,614.174,0
7,2007,178,17544,409,659.48,619.494,0
7,2007,180,17740,409,659.48,618.209,0
7,2007,182,17936,409,659.48,619.577,0
7,2007,184,18132,409,659.48,621.903,0
7,2007,186,18328,409,659.48,605.965,0
7,2007,188,18524,409,659.48,618.895,0
7,2007,190,18720,409,659.48,616.757,0
7,2007,192,18916,409,659.48,617.368,0
7,2007,194,19112,409,659.48,619.651,0
7,2007,196,19308,409,659.48,621.21,0
7,2007,198,19504,409,659.48,625.776,0
7,2007,200,19700,409,659.48,619.754,0
7,2007,202,19896,409,659.48,616.456,0
7,2007,204,20000,409,659.48,638.297,0
8,2008,0,100,329,329,127.167,0.09
8,2008,2,296,331.7,382.349,220.235,0.09
8,2008,4,492,389.5,432.98,304.159,0.1
8,2008,6,688,398.4,484.622,367.92,0.09
8,2008,8,884,403,518.124,405.415,0
8,2008,10,1080,403,552.736,442.076,0.02
8,2008,12,1276,409.8,595.684,482.369,0.01
8,2008,14,1472,409.8,611.585,506.134,0
8,2008,16,1668,409.8,621.875,541.211,0
8,2008,18,1864,409.8,631.154,558.678,0
8,2008,20,2060,409.8,646.768,566.721,0
8,2008,22,2256,409.8,646.768,579.75,0
8,2008,24,2452,409.8,648.955,587.231,0
8,2008,26,2648,409.8,648.955,600.519,0
8,2008,28,2844,409.8,648.955,599.817,0
8,2008,30,3040,409.8,648.955,604,0
8,2008,32,3236,409.8,648.955,612.083,0
8,2008,34,3432,409.8,648.955,606.295,0
8,2008,36,3628,409.8,648.955,608.433,0
8,2008,38,3824,409.8,648.955,603.716,0
8,2008,40,4020,409.8,648.955,613.23,0
8,2008,42,4216,409.8,648.955,608.868,0
8,2008,44,4412,409.8,648.955,610.99,0
8,2008,46,4608,409.8,648.955,605.715,0
8,2008,48,4804,409.8,648.955,606.059,0
8,2008,50,5000,409.8,648.955,600.71,0
8,2008,52,5196,409.8,648.955,604.878,0
8,2008,54,5392,409.8,648.955,602.12,0
8,2008,56,5588,409.8,648.955,601.538,0
8,2008,58,5784,409.8,648.955,606.482,0
8,2008,60,5980,409.8,648.955,612.439,0
8,2008,62,6176,409.8,648.955,612.221,0
8,2008,64,6372,409.8,648.955,608.836,0
8,2008,66,6568,409.8,648.955,603.081,0
8,2008,68,6764,409.8,648.955,605.693,0
8,2008,70,6960,409.8,648.955,606.74,0
8,2008,72,7156,409.8,648.955,613.287,0
8,2008,74,7352,409.8,648.955,611.062,0
8,2008,76,7548,409.8,648.955,605.017,0
8,2008,78,7744,409.8,648.955,601.306,0
8,2008,80,7940,409.8,648.955,602.617,0
8,2008,82,8136,409.8,648.955,603.882,0
8,2008,84,8332,409.8,648.955,614.651,0
8,2008,86,8528,409.8,648.955,603.569,0
8,2008,88,8724,409.8,648.955,603.457,0
8,2008,90,8920,409.8,648.955,613.531,0
8,2008,92,9116,409.8,648.955,616.47,0
8,2008,94,9312,409.8,648.955,618.558,0
8,2008,96,9508,409.8,648.955,615.34,0
8,2008,98,9704,409.8,648.955,612.168,0
8,2008,100,9900,409.8,648.955,613.957,0
8,2008,102,10096,409.8,648.955,612.517,0
8,2008,104,10292,409.8,648.955,605.711,0
8,2008,106,10488,409.8,648.955,613.59,0
8,2008,108,10684,409.8,648.955,606.556,0
8,2008,110,10880,409.8,648.955,608.233,0
8,2008,112,11076,409.8,648.955,611.912,0
8,2008,114,11272,409.8,648.955,609.234,0
8,2008,116,11468,409.8,648.955,605.721,0
8,2008,118,11664,409.8,648.955,607.982,0
8,2008,120,11860,409.8,648.955,604.045,0
8,2008,122,12056,409.8,648.955,605.281,0
8,2008,124,12252,409.8,648.955,612.444,0
8,2008,126,12448,409.8,648.955,613.15,0
8,2008,128,12644,409.8,648.955,609.603,0
8,2008,130,12840,409.8,648.955,599.342,0
8,2008,132,13036,409.8,648.955,600.37,0
8,2008,134,13232,409.8,648.955,609.594,0
8,2008,136,13428,409.8,648.955,607.254,0
8,2008,138,13624,409.8,648.955,610.502,0
8,2008,140,13820,409.8,648.955,606.328,0
8,2008,142,14016,409.8,648.955,608.526,0
8,2008,144,14212,409.8,648.955,609.788,0
8,2008,146,14408,409.8,648.955,612.324,0
8,2008,148,14604,409.8,648.955,609.797,0
8,2008,150,14800,409.8,648.955,617.308,0
8,2008,152,14996,409.8,648.955,608.376,0
8,2008,154,15192,409.8,648.955,608.484,0
8,2008,156,15388,409.8,648.955,603.026,0
8,2008,158,15584,409.8,648.955,604.773,0
8,2008,160,15780,409.8,648.955,603.426,0
8,2008,162,15976,409.8,648.955,603.143,0
8,2008,164,16172,409.8,648.955,608.092,0
8,2008,166,16368,409.8,648.955,603.641,0
8,2008,168,16564,409.8,648.955,609.827,0
8,2008,170,16760,409.8,648.955,608.609,0
8,2008,172,16956,409.8,648.955,609.459,0
8,2008,174,17152,409.8,648.955,612.921,0
8,2008,176,17348,409.8,648.955,606.967,0
8,2008,178,17544,409.8,648.955,612.983,0
8,2008,180,17740,409.8,648.955,602.972,0
8,2008,182,17936,409.8,648.955,601.066,0
8,2008,184,18132,409.8,648.955,608.803,0
8,2008,186,18328,409.8,648.955,610.946,0
8,2008,188,18524,409.8,648.955,614.244,0
8,2008,190,18720,409.8,648.955,612.087,0
8,2008,192,18916,409.8,648.955,617.012,0
8,2008,194,19112,409.8,648.955,609.081,0
8,2008,196,19308,409.8,648.955,610.707,0
8,2008,198,19504,409.8,648.955,604.113,0
8,2008,200,19700,409.8,648.955,607.772,0
8,2008,202,19896,409.8,648.955,606.764,0
8,2008,204,20000,409.8,648.955,634.621,0
9,2009,0,100,331.5,331.5,125.986,0.07
9,2009,2,296,340,404.434,219.966,0.13
9,2009,4,492,387.7,449.5,313.799,0.13
9,2009,6,688,387.7,550.579,377.465,0.07
9,2009,8,884,402.7,550.579,424.395,0.01
9,2009,10,1080,439.4,575,465.358,0.01
9,2009,12,1276,439.4,581.192,504.636,0
9,2009,14,1472,447.3,611.261,527.859,0
9,2009,16,1668,447.3,637.338,548.005,0
9,2009,18,1864,447.3,639.524,571.902,0
9,2009,20,2060,447.3,639.524,588.125,0
9,2009,22,2256,447.3,639.524,594.32,0
9,2009,24,2452,447.3,642.672,595.243,0
9,2009,26,2648,447.3,642.672,598.202,0
9,2009,28,2844,447.3,642.672,600.201,0
9,2009,30,3040,447.3,642.672,594.669,0
9,2009,32,3236,447.3,642.672,594.433,0
9,2009,34,3432,447.3,642.672,604.786,0
9,2009,36,3628,447.3,642.672,600.494,0
9,2009,38,3824,447.3,642.672,594.595,0
9,2009,40,4020,447.3,642.672,606.157,0
9,2009,42,4216,447.3,642.672,608.841,0
9,2009,44,4412,447.3,642.672,601.44,0
9,2009,46,4608,447.3,642.672,603.441,0
9,2009,48,4804,447.3,642.672,602.138,0
9,2009,50,5000,447.3,642.672,604.267,0
9,2009,52,5196,447.3,642.672,600.437,0
9,2009,54,5392,447.3,642.672,603.544,0
9,2009,56,5588,447.3,642.672,605.641,0
9,2009,58,5784,447.3,642.672,615.882,0
9,2009,60,5980,447.3,642.672,606.443,0
9,2009,62,6176,447.3,642.672,612.573,0
9,2009,64,6372,447.3,642.672,603.108,0
9,2009,66,6568,447.3,642.672,606.149,0
9,2009,68,6764,447.3,642.672,608.633,0
9,2009,70,6960,447.3,642.672,602.01,0
9,2009,72,7156,447.3,642.672,603.734,0
9,2009,74,7352,447.3,642.672,604.818,0
9,2009,76,7548,447.3,642.672,596.751,0
9,2009,78,7744,447.3,642.672,595.685,0
9,2009,80,7940,447.3,642.672,595.302,0
9,2009,82,8136,447.3,642.672,601.172,0
9,2009,84,8332,447.3,642.672,606.754,0
9,2009,86,8528,447.3,642.672,596.734,0
9,2009,88,8724,447.3,642.672,605.245,0
9,2009,90,8920,447.3,642.672,597.115,0
9,2009,92,9116,447.3,642.672,597.412,0
9,2009,94,9312,447.3,642.672,599.908,0
9,2009,96,9508,447.3,642.672,598.561,0
9,2009,98,9704,447.3,642.672,605.764,0
9,2009,100,9900,447.3,642.672,600.531,0
9,2009,102,10096,447.3,642.672,605.085,0
9,2009,104,10292,447.3,642.672,608.606,0
9,2009,106,10488,447.3,642.672,603.988,0
9,2009,108,10684,447.3,642.672,603.766,0
9,2009,110,10880,447.3,642.672,601.112,0
9,2009,112,11076,447.3,642.672,594.656,0
9,2009,114,11272,447.3,653.198,600.642,0
9,2009,116,11468,447.3,653.198,605.633,0
9,2009,118,11664,447.3,653.198,598.463,0
9,2009,120,11860,447.3,653.198,589.016,0
9,2009,122,12056,447.3,653.198,593.099,0
9,2009,124,12252,447.3,653.198,591.304,0
9,2009,126,12448,447.3,653.198,595.053,0
9,2009,128,12644,447.3,653.198,597.229,0
9,2009,130,12840,447.3,653.198,588.132,0
9,2009,132,13036,447.3,653.198,593.261,0
9,2009,134,13232,447.3,653.198,596.914,0
9,2009,136,13428,447.3,653.198,604.095,0
9,2009,138,13624,447.3,653.198,610.849,0
9,2009,140,13820,447.3,653.198,617.162,0
9,2009,142,14016,447.3,653.198,614.26,0
9,2009,144,14212,447.3,653.198,613.3,0
9,2009,146,14408,447.3,653.198,614.781,0
9,2009,148,14604,447.3,653.198,612.2,0
9,2009,150,14800,447.3,653.198,616.095,0
9,2009,152,14996,447.3,653.198,618.914,0
9,2009,154,15192,447.3,653.198,612.208,0
9,2009,156,15388,447.3,653.198,612.798,0
9,2009,158,15584,447.3,653.198,615.748,0
9,2009,160,15780,447.3,653.198,607.07,0
9,2009,162,15976,447.3,653.198,618.281,0
9,2009,164,16172,447.3,653.198,608.488,0
9,2009,166,16368,447.3,653.198,609.122,0
9,2009,168,16564,447.3,653.198,606.246,0
9,2009,170,16760,447.3,653.198,614.233,0
9,2009,172,16956,447.3,653.198,611.879,0
9,2009,174,17152,447.3,653.198,612.864,0
9,2009,176,17348,447.3,653.198,609.686,0
9,2009,178,17544,447.3,653.198,611.315,0
9,2009,180,17740,447.3,653.198,615.798,0
9,2009,182,17936,447.3,653.198,614.9,0
9,2009,184,18132,447.3,653.198,618.51,0
9,2009,186,18328,447.3,653.198,619.143,0
9,2009,188,18524,447.3,653.198,617.826,0
9,2009,190,18720,447.3,653.198,610.124,0
9,2009,192,18916,447.3,653.198,617.131,0
9,2009,194,19112,447.3,653.198,608.682,0
9,2009,196,19308,447.3,653.198,614.1,0
9,2009,198,19504,447.3,653.198,614.258,0
9,2009,200,19700,447.3,653.198,609.349,0
9,2009,202,19896,447.3,653.198,615.863,0
9,2009,204,20000,447.3,653.198,587.644,0
10,2010,0,100,254.6,363.42,139.305,0.1
10,2010,2,296,342.5,400.894,241.475,0.15
10,2010,4,492,369.5,464.265,310.331,0.07
10,2010,6,688,382.4,486.048,349.584,0.06
10,2010,8,884,382.4,500.568,408.354,0
10,2010,10,1080,382.4,528.333,453.727,0.01
10,2010,12,1276,424.5,568.397,486.885,0
10,2010,14,1472,424.5,569.602,498.689,0
10,2010,16,1668,424.5,595.868,513.532,0
10,2010,18,1864,424.5,595.868,521.867,0
10,2010,20,2060,424.5,610.881,533.647,0
10,2010,22,2256,424.5,610.881,542.565,0
10,2010,24,2452,424.5,614.919,552.176,0
10,2010,26,2648,424.5,614.919,560.601,0
10,2010,28,2844,424.5,628.074,569.099,0
10,2010,30,3040,424.5,635.681,571.187,0
10,2010,32,3236,424.5,645.806,579.604,0
10,2010,34,3432,424.5,645.806,583.279,0
10,2010,36,3628,424.5,648.955,596.08,0
10,2010,38,3824,424.5,648.955,599.258,0
10,2010,40,4020,424.5,648.955,603.622,0
10,2010,42,4216,424.5,648.955,607.155,0
10,2010,44,4412,424.5,648.955,603.387,0
10,2010,46,4608,424.5,648.955,601.816,0
10,2010,48,4804,424.5,648.955,599.946,0
10,2010,50,5000,424.5,648.955,606.285,0
10,2010,52,5196,424.5,648.955,610.278,0
10,2010,54,5392,424.5,648.955,614.221,0
10,2010,56,5588,424.5,648.955,610.637,0
10,2010,58,5784,424.5,648.955,613.851,0
10,2010,60,5980,424.5,648.955,618.681,0
10,2010,62,6176,424.5,648.955,614.925,0
10,2010,64,6372,424.5,648.955,606.822,0
10,2010,66,6568,424.5,648.955,604.97,0
10,2010,68,6764,424.5,648.955,604.376,0
10,2010,70,6960,424.5,648.955,608.319,0
10,2010,72,7156,424.5,648.955,602.989,0
10,2010,74,7352,424.5,648.955,611.511,0
10,2010,76,7548,424.5,648.955,601.561,0
10,2010,78,7744,424.5,648.955,603.61,0
10,2010,80,7940,424.5,648.955,606.968,0
10,2010,82,8136,424.5,648.955,607.944,0
10,2010,84,8332,424.5,648.955,609.058,0
10,2010,86,8528,424.5,648.955,614.069,0
10,2010,88,8724,424.5,648.955,613.715,0
10,2010,90,8920,424.5,648.955,606.605,0
10,2010,92,9116,424.5,648.955,605.462,0
10,2010,94,9312,424.5,648.955,607.73,0
10,2010,96,9508,424.5,648.955,614.797,0
10,2010,98,9704,424.5,648.955,612.781,0
10,2010,100,9900,424.5,648.955,614.313,0
10,2010,102,10096,424.5,648.955,614.096,0
10,2010,104,10292,424.5,648.955,605.003,0
10,2010,106,10488,424.5,648.955,611.416,0
10,2010,108,10684,424.5,648.955,613.256,0
10,2010,110,10880,424.5,648.955,616.591,0
10,2010,112,11076,424.5,648.955,609.431,0
10,2010,114,11272,424.5,648.955,608.544,0
10,2010,116,11468,424.5,648.955,607.94,0
10,2010,118,11664,424.5,648.955,607.455,0
10,2010,120,11860,424.5,648.955,603.13,0
10,2010,122,12056,424.5,648.955,604.688,0
10,2010,124,12252,424.5,648.955,613.807,0
10,2010,126,12448,424.5,648.955,611.006,0
10,2010,128,12644,424.5,648.955,607.978,0
10,2010,130,12840,424.5,648.955,612.397,0
10,2010,132,13036,424.5,648.955,610.144,0
10,2010,134,13232,424.5,657.294,605.175,0
10,2010,136,13428,424.5,657.294,602.403,0
10,2010,138,13624,424.5,657.294,607.364,0
10,2010,140,13820,424.5,659.48,605.919,0
10,2010,142,14016,424.5,659.48,607.063,0
10,2010,144,14212,424.5,659.48,601.001,0
10,2010,146,14408,424.5,659.48,605.679,0
10,2010,148,14604,424.5,659.48,616.019,0
10,2010,150,14800,424.5,659.48,618.351,0
10,2010,152,14996,424.5,659.48,615.491,0
10,2010,154,15192,424.5,659.48,617.063,0
10,2010,156,15388,424.5,659.48,616.084,0
10,2010,158,15584,424.5,659.48,622.18,0
10,2010,160,15780,424.5,659.48,613.682,0
10,2010,162,15976,424.5,659.48,616.224,0
10,2010,164,16172,424.5,659.48,620.566,0
10,2010,166,16368,424.5,659.48,611.858,0
10,2010,168,16564,424.5,659.48,618.683,0
10,2010,170,16760,424.5,659.48,612.795,0
10,2010,172,16956,424.5,659.48,616.171,0
10,2010,174,17152,424.5,659.48,604.436,0
10,2010,176,17348,424.5,659.48,617.524,0
10,2010,178,17544,424.5,659.48,616.298,0
10,2010,180,17740,424.5,659.48,613.664,0
10,2010,182,17936,424.5,659.48,612.415,0
10,2010,184,18132,424.5,659.48,616.623,0
10,2010,186,18328,424.5,659.48,608.084,0
10,2010,188,18524,424.5,659.48,613.311,0
10,2010,190,18720,424.5,659.48,618.797,0
10,2010,192,18916,424.5,659.48,612.582,0
10,2010,194,19112,424.5,659.48,613.994,0
10,2010,196,19308,424.5,659.48,617.297,0
10,2010,198,19504,424.5,659.48,617.279,0
10,2010,200,19700,424.5,659.48,619.165,0
10,2010,202,19896,424.5,659.48,622.083,0
10,2010,204,20000,424.5,659.48,635.462,0
11,2011,0,100,266.1,335.938,130.744,0.12
11,2011,2,296,327.6,360.808,216.531,0.07
11,2011,4,492,327.6,432.515,266.634,0.05
11,2011,6,688,327.6,444.564,323.048,0.04
11,2011,8,884,363.1,499.658,367.506,0
11,2011,10,1080,381,535.773,419.04,0.01
11,2011,12,1276,381,615.241,471.911,0
11,2011,14,1472,381,626.963,497.864,0
11,2011,16,1668,381,647.843,530.856,0
11,2011,18,1864,381,659.48,558.856,0
11,2011,20,2060,381,659.48,587.526,0
11,2011,22,2256,381,659.48,603.348,0
11,2011,24,2452,381,659.48,612.764,0
11,2011,26,2648,381,659.48,609.067,0
11,2011,28,2844,381,659.48,605.63,0
11,2011,30,3040,381,659.48,619.334,0
11,2011,32,3236,381,659.48,616.883,0
11,2011,34,3432,381,659.48,613.725,0
11,2011,36,3628,381,659.48,618.799,0
11,2011,38,3824,381,659.48,624.096,0
11,2011,40,4020,381,659.48,618.442,0
11,2011,42,4216,381,659.48,612.455,0
11,2011,44,4412,381,659.48,614.324,0
11,2011,46,4608,381,659.48,617.112,0
11,2011,48,4804,381,659.48,622.598,0
11,2011,50,5000,381,659.48,615.875,0
11,2011,52,5196,381,659.48,617.935,0
11,2011,54,5392,381,659.48,622.475,0
11,2011,56,5588,381,659.48,618.74,0
11,2011,58,5784,381,659.48,613.68,0
11,2011,60,5980,381,659.48,623.825,0
11,2011,62,6176,381,659.48,619.256,0
11,2011,64,6372,381,659.48,617.146,0
11,2011,66,6568,381,659.48,624.758,0
11,2011,68,6764,381,659.48,617.496,0
11,2011,70,6960,381,659.48,623.788,0
11,2011,72,7156,381,659.48,616.167,0
11,2011,74,7352,381,659.48,616.257,0
11,2011,76,7548,381,659.48,615.953,0
11,2011,78,7744,381,659.48,620.315,0
11,2011,80,7940,381,659.48,617.67,0
11,2011,82,8136,381,659.48,617.244,0
11,2011,84,8332,381,659.48,616.569,0
11,2011,86,8528,381,659.48,607.244,0
11,2011,88,8724,381,659.48,608.917,0
11,2011,90,8920,381,659.48,620.017,0
11,2011,92,9116,381,659.48,622.356,0
11,2011,94,9312,381,659.48,624.287,0
11,2011,96,9508,381,659.48,621.399,0
11,2011,98,9704,381,659.48,619.82,0
11,2011,100,9900,381,659.48,617.597,0
11,2011,102,10096,381,659.48,621.904,0
11,2011,104,10292,381,659.48,617.287,0
11,2011,106,10488,381,659.48,607.558,0
11,2011,108,10684,381,659.48,621.554,0
11,2011,110,10880,381,659.48,620.613,0
11,2011,112,11076,381,659.48,615.76,0
11,2011,114,11272,381,659.48,626.384,0
11,2011,116,11468,381,659.48,618.595,0
11,2011,118,11664,381,659.48,611.667,0
11,2011,120,11860,381,659.48,611.9,0
11,2011,122,12056,381,659.48,610.71,0
11,2011,124,12252,381,659.48,606.784,0
11,2011,126,12448,381,659.48,612.151,0
11,2011,128,12644,381,659.48,610.845,0
11,2011,130,12840,381,659.48,617.051,0
11,2011,132,13036,381,659.48,617.362,0
11,2011,134,13232,381,659.48,618.472,0
11,2011,136,13428,381,659.48,622.861,0
11,2011,138,13624,381,659.48,622.652,0
11,2011,140,13820,381,659.48,613.397,0
11,2011,142,14016,381,659.48,616.869,0
11,2011,144,14212,381,659.48,619.658,0
11,2011,146,14408,381,659.48,614.758,0
11,2011,148,14604,381,659.48,614.287,0
11,2011,150,14800,381,659.48,615.244,0
11,2011,152,14996,381,659.48,619.745,0
11,2011,154,15192,381,659.48,616.947,0
11,2011,156,15388,381,659.48,613.451,0
11,2011,158,15584,381,659.48,616.661,0
11,2011,160,15780,381,659.48,619.544,0
11,2011,162,15976,381,659.48,628.488,0
11,2011,164,16172,381,659.48,619.8,0
11,2011,166,16368,381,659.48,621.354,0
11,2011,168,16564,381,659.48,616.702,0
11,2011,170,16760,381,659.48,619.091,0
11,2011,172,16956,381,659.48,619.33,0
11,2011,174,17152,381,659.48,613.118,0
11,2011,176,17348,381,659.48,611.832,0
11,2011,178,17544,381,659.48,617.895,0
11,2011,180,17740,381,659.48,618.862,0
11,2011,182,17936,381,659.48,619.917,0
11,2011,184,18132,381,659.48,618.053,0
11,2011,186,18328,381,659.48,614.286,0
11,2011,188,18524,381,659.48,620.578,0
11,2011,190,18720,381,659.48,614.065,0
11,2011,192,18916,381,659.48,616.317,0
11,2011,194,19112,381,659.48,618.792,0
11,2011,196,19308,381,659.48,610.095,0
11,2011,198,19504,381,659.48,616.523,0
11,2011,200,19700,381,659.48,622.402,0
11,2011,202,19896,381,659.48,616.895,0
11,2011,204,20000,381,659.48,628.716,0
12,2012,0,100,342.5,342.5,134.538,0.06
12,2012,2,296,379.4,442.667,240.972,0.12
12,2012,4,492,381.3,458.329,318.094,0.08
12,2012,6,688,411.4,504.46,385.77,0.04
12,2012,8,884,411.4,565.206,444.807,0.01
12,2012,10,1080,411.4,565.301,482.7,0
12,2012,12,1276,411.4,595.044,506.916,0
12,2012,14,1472,411.4,601.542,528.964,0
12,2012,16,1668,411.4,641.074,551.935,0
12,2012,18,1864,411.4,641.074,564.249,0
12,2012,20,2060,411.4,645.572,559.432,0
12,2012,22,2256,411.4,645.572,575.497,0
12,2012,24,2452,411.4,653.198,582.698,0
12,2012,26,2648,411.4,653.198,582.463,0
12,2012,28,2844,411.4,653.198,596.334,0
12,2012,30,3040,411.4,653.198,598.924,0
12,2012,32,3236,411.4,653.198,604.428,0
12,2012,34,3432,411.4,653.198,601.76,0
12,2012,36,3628,411.4,653.198,605.801,0
12,2012,38,3824,411.4,653.198,598.254,0
12,2012,40,4020,411.4,653.198,608.643,0
12,2012,42,4216,411.4,653.198,609.518,0
12,2012,44,4412,411.4,653.198,605.631,0
12,2012,46,4608,411.4,653.198,606.873,0
12,2012,48,4804,411.4,653.198,605.22,0
12,2012,50,5000,411.4,653.198,603.043,0
12,2012,52,5196,411.4,653.198,609.75,0
12,2012,54,5392,411.4,653.198,611.831,0
12,2012,56,5588,411.4,653.198,612.494,0
12,2012,58,5784,411.4,653.198,610.251,0
12,2012,60,5980,411.4,653.198,608.281,0
12,2012,62,6176,411.4,653.198,618.743,0
12,2012,64,6372,411.4,653.198,612.283,0
12,2012,66,6568,411.4,653.198,611.623,0
12,2012,68,6764,411.4,653.198,604.6,0
12,2012,70,6960,411.4,653.198,622.154,0
12,2012,72,7156,411.4,653.198,615.201,0
12,2012,74,7352,411.4,653.198,615.322,0
12,2012,76,7548,411.4,653.198,612.534,0
12,2012,78,7744,411.4,653.198,617.966,0
12,2012,80,7940,411.4,653.198,611.044,0
12,2012,82,8136,411.4,653.198,612.092,0
12,2012,84,8332,411.4,653.198,611.826,0
12,2012,86,8528,411.4,653.198,615.248,0
12,2012,88,8724,411.4,653.198,618.802,0
12,2012,90,8920,411.4,653.198,612.621,0
12,2012,92,9116,411.4,653.198,606.807,0
12,2012,94,9312,411.4,653.198,610.82,0
12,2012,96,9508,411.4,653.198,608.142,0
12,2012,98,9704,411.4,653.198,610.352,0
12,2012,100,9900,411.4,653.198,602.141,0
12,2012,102,10096,411.4,653.198,614.832,0
12,2012,104,10292,411.4,653.198,618.19,0
12,2012,106,10488,411.4,653.198,616.818,0
12,2012,108,10684,411.4,653.198,620.239,0
12,2012,110,10880,411.4,653.198,608.289,0
12,2012,112,11076,411.4,653.198,613.25,0
12,2012,114,11272,411.4,653.198,619.331,0
12,2012,116,11468,411.4,653.198,616.945,0
12,2012,118,11664,411.4,653.198,616.217,0
12,2012,120,11860,411.4,653.198,615.718,0
12,2012,122,12056,411.4,653.198,614.672,0
12,2012,124,12252,411.4,653.198,611.928,0
12,2012,126,12448,411.4,653.198,613.33,0
12,2012,128,12644,411.4,653.198,608.905,0
12,2012,130,12840,411.4,653.198,613.424,0
12,2012,132,13036,411.4,653.198,609.847,0
12,2012,134,13232,411.4,653.198,613.882,0
12,2012,136,13428,411.4,653.198,610.764,0
12,2012,138,13624,411.4,653.198,612.095,0
12,2012,140,13820,411.4,653.198,609.609,0
12,2012,142,14016,411.4,653.198,606.126,0
12,2012,144,14212,411.4,653.198,609.444,0
12,2012,146,14408,411.4,653.198,609.801,0
12,2012,148,14604,411.4,653.198,609.057,0
12,2012,150,14800,411.4,653.198,613.879,0
12,2012,152,14996,411.4,653.198,599.84,0
12,2012,154,15192,411.4,653.198,608.84,0
12,2012,156,15388,411.4,653.198,610.28,0
12,2012,158,15584,411.4,653.198,612.167,0
12,2012,160,15780,411.4,653.198,619.756,0
12,2012,162,15976,411.4,653.198,609.853,0
12,2012,164,16172,411.4,653.198,607.021,0
12,2012,166,16368,411.4,653.198,605.479,0
12,2012,168,16564,411.4,653.198,611.591,0
12,2012,170,16760,411.4,653.198,605.172,0
12,2012,172,16956,411.4,653.198,617.406,0
12,2012,174,17152,411.4,653.198,617.989,0
12,2012,176,17348,411.4,653.198,618.025,0
12,2012,178,17544,411.4,653.198,611.437,0
12,2012,180,17740,411.4,653.198,611.938,0
12,2012,182,17936,411.4,653.198,606.035,0
12,2012,184,18132,411.4,653.198,607.753,0
12,2012,186,18328,411.4,653.198,614.059,0
12,2012,188,18524,411.4,653.198,615.626,0
12,2012,190,18720,411.4,653.198,615.815,0
12,2012,192,18916,411.4,653.198,617.991,0
12,2012,194,19112,411.4,653.198,618.49,0
12,2012,196,19308,411.4,653.198,613.442,0
12,2012,198,19504,411.4,653.198,620.593,0
12,2012,200,19700,411.4,653.198,613.79,0
12,2012,202,19896,411.4,653.198,621.937,0
12,2012,204,20000,411.4,653.198,626.516,0
13,2013,0,100,241.3,364.251,135.227,0.19
13,2013,2,296,363.8,377.812,242.402,0.19
13,2013,4,492,397.8,452.977,323.287,0.19
13,2013,6,688,397.8,465.716,359.628,0.02
13,2013,8,884,397.8,507.351,399.414,0.01
13,2013,10,1080,397.8,537.849,439.167,0
13,2013,12,1276,421.2,577.92,476.913,0.01
13,2013,14,1472,421.2,589.25,496.743,0
13,2013,16,1668,438,613.765,527.407,0.01
13,2013,18,1864,438,622.43,552.896,0
13,2013,20,2060,438,650.049,579.858,0
13,2013,22,2256,438,650.049,588.874,0
13,2013,24,2452,438,653.198,601.529,0
13,2013,26,2648,438,653.198,607.904,0
13,2013,28,2844,438,653.198,612.074,0
13,2013,30,3040,438,653.198,610.239,0
13,2013,32,3236,438,653.198,614.432,0
13,2013,34,3432,438,653.198,599.338,0
13,2013,36,3628,438,653.198,609.227,0
13,2013,38,3824,438,653.198,617.796,0
13,2013,40,4020,438,653.198,620.941,0
13,2013,42,4216,438,653.198,610.381,0
13,2013,44,4412,438,653.198,613.394,0
13,2013,46,4608,438,653.198,615.843,0
13,2013,48,4804,438,653.198,620.22,0
13,2013,50,5000,438,653.198,607.618,0
13,2013,52,5196,438,653.198,609.35,0
13,2013,54,5392,438,653.198,605.865,0
13,2013,56,5588,438,653.198,605.346,0
13,2013,58,5784,438,653.198,603.665,0
13,2013,60,5980,438,653.198,607.106,0
13,2013,62,6176,438,653.198,601.039,0
13,2013,64,6372,438,653.198,609.2,0
13,2013,66,6568,438,653.198,613.094,0
13,2013,68,6764,438,653.198,610.328,0
13,2013,70,6960,438,653.198,616.12,0
13,2013,72,7156,438,653.198,610.931,0
13,2013,74,7352,438,653.198,613.908,0
13,2013,76,7548,438,653.198,610.739,0
13,2013,78,7744,438,653.198,609.868,0
13,2013,80,7940,438,653.198,603.763,0
13,2013,82,8136,438,653.198,608.633,0
13,2013,84,8332,438,653.198,606.551,0
13,2013,86,8528,438,653.198,608.118,0
13,2013,88,8724,438,653.198,607.946,0
13,2013,90,8920,438,653.198,608.939,0
13,2013,92,9116,438,653.198,609.806,0
13,2013,94,9312,438,653.198,610.752,0
13,2013,96,9508,438,653.198,615.262,0
13,2013,98,9704,438,653.198,612.352,0
13,2013,100,9900,438,653.198,611.084,0
13,2013,102,10096,438,653.198,611.678,0
13,2013,104,10292,438,653.198,621.368,0
13,2013,106,10488,438,653.198,612.822,0
13,2013,108,10684,438,653.198,614.882,0
13,2013,110,10880,438,653.198,611.314,0
13,2013,112,11076,438,653.198,606.249,0
13,2013,114,11272,438,653.198,622.615,0
13,2013,116,11468,438,653.198,619.928,0
13,2013,118,11664,438,653.198,607.242,0
13,2013,120,11860,438,653.198,612.894,0
13,2013,122,12056,438,653.198,617.235,0
13,2013,124,12252,438,653.198,608.528,0
13,2013,126,12448,438,653.198,613.225,0
13,2013,128,12644,438,653.198,619.037,0
13,2013,130,12840,438,653.198,615.754,0
13,2013,132,13036,438,653.198,620.2,0
13,2013,134,13232,438,653.198,611.723,0
13,2013,136,13428,438,653.198,605.799,0
13,2013,138,13624,438,653.198,608.975,0
13,2013,140,13820,438,653.198,617.814,0
13,2013,142,14016,438,653.198,613.14,0
13,2013,144,14212,438,653.198,611.56,0
13,2013,146,14408,438,653.198,613.997,0
13,2013,148,14604,438,653.198,617.796,0
13,2013,150,14800,438,653.198,609.011,0
13,2013,152,14996,438,653.198,612.733,0
13,2013,154,15192,438,653.198,611.833,0
13,2013,156,15388,438,653.198,613.98,0
13,2013,158,15584,438,653.198,606.818,0
13,2013,160,15780,438,653.198,608.559,0
13,2013,162,15976,438,653.198,610.158,0
13,2013,164,16172,438,653.198,608.252,0
13,2013,166,16368,438,653.198,610.536,0
13,2013,168,16564,438,653.198,615.117,0
13,2013,170,16760,438,653.198,611.012,0
13,2013,172,16956,438,653.198,614.335,0
13,2013,174,17152,438,653.198,612.45,0
13,2013,176,17348,438,653.198,609.155,0
13,2013,178,17544,438,653.198,620.086,0
13,2013,180,17740,438,653.198,612.936,0
13,2013,182,17936,438,653.198,616.398,0
13,2013,184,18132,438,653.198,616.84,0
13,2013,186,18328,438,653.198,618.155,0
13,2013,188,18524,438,653.198,614.105,0
13,2013,190,18720,438,653.198,614.31,0
13,2013,192,18916,438,653.198,611.962,0
13,2013,194,19112,438,653.198,612.209,0
13,2013,196,19308,438,653.198,611.01,0
13,2013,198,19504,438,653.198,619.365,0
13,2013,200,19700,438,653.198,615.349,0
13,2013,202,19896,438,653.198,612.47,0
13,2013,204,20000,438,653.198,614.371,0
14,2014,0,100,233.9,325.138,129.661,0.14
14,2014,2,296,333.8,360.828,216.019,0.09
14,2014,4,492,351.7,413.341,284.774,0.08
14,2014,6,688,408.5,458.143,329.799,0.07
14,2014,8,884,408.5,521.788,385.436,0.01
14,2014,10,1080,408.5,540.948,425.051,0.01
14,2014,12,1276,408.5,598.749,474.405,0
14,2014,14,1472,408.5,606.833,511.088,0
14,2014,16,1668,408.5,616.881,540.839,0
14,2014,18,1864,408.5,646.768,569.792,0
14,2014,20,2060,408.5,648.955,580.717,0
14,2014,22,2256,408.5,648.955,594.226,0
14,2014,24,2452,408.5,648.955,604.935,0
14,2014,26,2648,408.5,648.955,611.561,0
14,2014,28,2844,408.5,648.955,605,0
14,2014,30,3040,408.5,648.955,616.874,0
14,2014,32,3236,408.5,648.955,609.622,0
14,2014,34,3432,408.5,648.955,608.277,0
14,2014,36,3628,408.5,648.955,596.502,0
14,2014,38,3824,408.5,648.955,595.694,0
14,2014,40,4020,408.5,648.955,602.693,0
14,2014,42,4216,408.5,648.955,610.756,0
14,2014,44,4412,408.5,648.955,606.034,0
14,2014,46,4608,408.5,648.955,609.346,0
14,2014,48,4804,408.5,648.955,611.216,0
14,2014,50,5000,408.5,648.955,602.406,0
14,2014,52,5196,408.5,648.955,609.756,0
14,2014,54,5392,408.5,648.955,610.223,0
14,2014,56,5588,408.5,648.955,613.538,0
14,2014,58,5784,408.5,648.955,610.009,0
14,2014,60,5980,408.5,648.955,605.15,0
14,2014,62,6176,408.5,648.955,611.67,0
14,2014,64,6372,408.5,648.955,604.547,0
14,2014,66,6568,408.5,648.955,610.976,0
14,2014,68,6764,408.5,648.955,613.816,0
14,2014,70,6960,408.5,648.955,616.31,0
14,2014,72,7156,408.5,648.955,612.607,0
14,2014,74,7352,408.5,648.955,612.762,0
14,2014,76,7548,408.5,648.955,604.626,0
14,2014,78,7744,408.5,648.955,602.375,0
14,2014,80,7940,408.5,648.955,601.74,0
14,2014,82,8136,408.5,648.955,612.895,0
14,2014,84,8332,408.5,648.955,606.538,0
14,2014,86,8528,408.5,648.955,605.899,0
14,2014,88,8724,408.5,648.955,614.597,0
14,2014,90,8920,408.5,648.955,608.391,0
14,2014,92,9116,408.5,648.955,606.284,0
14,2014,94,9312,408.5,648.955,605.339,0
14,2014,96,9508,408.5,648.955,604.828,0
14,2014,98,9704,408.5,648.955,608.952,0
14,2014,100,9900,408.5,648.955,607.407,0
14,2014,102,10096,408.5,648.955,606.265,0
14,2014,104,10292,408.5,648.955,606.16,0
14,2014,106,10488,408.5,648.955,604.793,0
14,2014,108,10684,408.5,648.955,612.616,0
14,2014,110,10880,408.5,654.145,603.571,0
14,2014,112,11076,408.5,656.331,603.561,0
14,2014,114,11272,408.5,656.331,596.885,0
14,2014,116,11468,408.5,659.48,590.214,0
14,2014,118,11664,408.5,659.48,590.969,0
14,2014,120,11860,408.5,659.48,586.879,0
14,2014,122,12056,408.5,659.48,602.264,0
14,2014,124,12252,408.5,659.48,615.621,0
14,2014,126,12448,408.5,659.48,603.725,0
14,2014,128,12644,408.5,659.48,612.504,0
14,2014,130,12840,408.5,659.48,616.342,0
14,2014,132,13036,408.5,659.48,620.432,0
14,2014,134,13232,408.5,659.48,622.236,0
14,2014,136,13428,408.5,659.48,617.231,0
14,2014,138,13624,408.5,659.48,609.524,0
14,2014,140,13820,408.5,659.48,619.259,0
14,2014,142,14016,408.5,659.48,619.664,0
14,2014,144,14212,408.5,659.48,618.694,0
14,2014,146,14408,408.5,659.48,618.987,0
14,2014,148,14604,408.5,659.48,618.673,0
14,2014,150,14800,408.5,659.48,623.067,0
14,2014,152,14996,408.5,659.48,624.129,0
14,2014,154,15192,408.5,659.48,617.563,0
14,2014,156,15388,408.5,659.48,621.863,0
14,2014,158,15584,408.5,659.48,620.126,0
14,2014,160,15780,408.5,659.48,617.948,0
14,2014,162,15976,408.5,659.48,618.769,0
14,2014,164,16172,408.5,659.48,615.373,0
14,2014,166,16368,408.5,659.48,623.406,0
14,2014,168,16564,408.5,659.48,611.556,0
14,2014,170,16760,408.5,659.48,618.781,0
14,2014,172,16956,408.5,659.48,617.826,0
14,2014,174,17152,408.5,659.48,613.737,0
14,2014,176,17348,408.5,659.48,614.554,0
14,2014,178,17544,408.5,659.48,619.554,0
14,2014,180,17740,408.5,659.48,613.336,0
14,2014,182,17936,408.5,659.48,623.948,0
14,2014,184,18132,408.5,659.48,614.179,0
14,2014,186,18328,408.5,659.48,612.537,0
14,2014,188,18524,408.5,659.48,611.506,0
14,2014,190,18720,408.5,659.48,624.586,0
14,2014,192,18916,408.5,659.48,614.927,0
14,2014,194,19112,408.5,659.48,611.059,0
14,2014,196,19308,408.5,659.48,623.256,0
14,2014,198,19504,408.5,659.48,623.577,0
14,2014,200,19700,408.5,659.48,621.654,0
14,2014,202,19896,408.5,659.48,617.621,0
14,2014,204,20000,408.5,659.48,618.445,0
15,2015,0,100,255.6,259.211,128.668,0.11
15,2015,2,296,328.8,346.705,204.54,0.13
15,2015,4,492,388.8,431.456,275.065,0.12
15,2015,6,688,388.8,458.176,351.659,0.09
15,2015,8,884,410.7,532.634,384.942,0.03
15,2015,10,1080,413.9,532.634,422.956,0.03
15,2015,12,1276,413.9,578.004,458.056,0
15,2015,14,1472,413.9,605.212,492.907,0
15,2015,16,1668,413.9,611.271,520.359,0
15,2015,18,1864,413.9,611.271,528.727,0
15,2015,20,2060,413.9,621.407,556.966,0
15,2015,22,2256,413.9,621.407,570.69,0
15,2015,24,2452,413.9,656.331,573.775,0
15,2015,26,2648,413.9,659.48,586.933,0
15,2015,28,2844,413.9,659.48,588.445,0
15,2015,30,3040,413.9,659.48,602.526,0
15,2015,32,3236,413.9,659.48,617.365,0
15,2015,34,3432,413.9,659.48,619.499,0
15,2015,36,3628,413.9,659.48,619.14,0
15,2015,38,3824,413.9,659.48,624.926,0
15,2015,40,4020,413.9,659.48,621.575,0
15,2015,42,4216,413.9,659.48,615.277,0
15,2015,44,4412,413.9,659.48,620.89,0
15,2015,46,4608,413.9,659.48,614.237,0
15,2015,48,4804,413.9,659.48,613.366,0
15,2015,50,5000,413.9,659.48,618.265,0
15,2015,52,5196,413.9,659.48,612.833,0
15,2015,54,5392,413.9,659.48,605.841,0
15,2015,56,5588,413.9,659.48,617.215,0
15,2015,58,5784,413.9,659.48,602.621,0
15,2015,60,5980,413.9,659.48,619.626,0
15,2015,62,6176,413.9,659.48,621.844,0
15,2015,64,6372,413.9,659.48,610.669,0
15,2015,66,6568,413.9,659.48,617.258,0
15,2015,68,6764,413.9,659.48,618.823,0
15,2015,70,6960,413.9,659.48,617.826,0
15,2015,72,7156,413.9,659.48,619.027,0
15,2015,74,7352,413.9,659.48,616.811,0
15,2015,76,7548,413.9,659.48,618.729,0
15,2015,78,7744,413.9,659.48,616.724,0
15,2015,80,7940,413.9,659.48,626.644,0
15,2015,82,8136,413.9,659.48,624.687,0
15,2015,84,8332,413.9,659.48,618.318,0
15,2015,86,8528,413.9,659.48,613.728,0
15,2015,88,8724,413.9,659.48,614.288,0
15,2015,90,8920,413.9,659.48,612.603,0
15,2015,92,9116,413.9,659.48,617.839,0
15,2015,94,9312,413.9,659.48,627.606,0
15,2015,96,9508,413.9,659.48,614.238,0
15,2015,98,9704,413.9,659.48,622.514,0
15,2015,100,9900,413.9,659.48,623.069,0
15,2015,102,10096,413.9,659.48,614.201,0
15,2015,104,10292,413.9,659.48,616.089,0
15,2015,106,10488,413.9,659.48,615.313,0
15,2015,108,10684,413.9,659.48,614.942,0
15,2015,110,10880,413.9,659.48,615.135,0
15,2015,112,11076,413.9,659.48,612.416,0
15,2015,114,11272,413.9,659.48,617.481,0
15,2015,116,11468,413.9,659.48,619.448,0
15,2015,118,11664,413.9,659.48,616.855,0
15,2015,120,11860,413.9,659.48,614.153,0
15,2015,122,12056,413.9,659.48,622.739,0
15,2015,124,12252,413.9,659.48,619.961,0
15,2015,126,12448,413.9,659.48,618.721,0
15,2015,128,12644,413.9,659.48,617.468,0
15,2015,130,12840,413.9,659.48,624.072,0
15,2015,132,13036,413.9,659.48,620.742,0
15,2015,134,13232,413.9,659.48,627.298,0
15,2015,136,13428,413.9,659.48,625.5,0
15,2015,138,13624,413.9,659.48,610.794,0
15,2015,140,13820,413.9,659.48,608.741,0
15,2015,142,14016,413.9,659.48,613.042,0
15,2015,144,14212,413.9,659.48,615.041,0
15,2015,146,14408,413.9,659.48,622.378,0
15,2015,148,14604,413.9,659.48,625.676,0
15,2015,150,14800,413.9,659.48,623.519,0
15,2015,152,14996,413.9,659.48,617.086,0
15,2015,154,15192,413.9,659.48,614.064,0
15,2015,156,15388,413.9,659.48,618.883,0
15,2015,158,15584,413.9,659.48,617.468,0
15,2015,160,15780,413.9,659.48,615.052,0
15,2015,162,15976,413.9,659.48,617.172,0
15,2015,164,16172,413.9,659.48,621.897,0
15,2015,166,16368,413.9,659.48,612.548,0
15,2015,168,16564,413.9,659.48,616.862,0
15,2015,170,16760,413.9,659.48,623.919,0
15,2015,172,16956,413.9,659.48,621.267,0
15,2015,174,17152,413.9,659.48,614.388,0
15,2015,176,17348,413.9,659.48,619.489,0
15,2015,178,17544,413.9,659.48,608.377,0
15,2015,180,17740,413.9,659.48,614.303,0
15,2015,182,17936,413.9,659.48,618.91,0
15,2015,184,18132,413.9,659.48,613.573,0
15,2015,186,18328,413.9,659.48,615.467,0
15,2015,188,18524,413.9,659.48,620.677,0
15,2015,190,18720,413.9,659.48,616.034,0
15,2015,192,18916,413.9,659.48,619.534,0
15,2015,194,19112,413.9,659.48,613.219,0
15,2015,196,19308,413.9,659.48,613.818,0
15,2015,198,19504,413.9,659.48,620.57,0
15,2015,200,19700,413.9,659.48,619.428,0
15,2015,202,19896,413.9,659.48,628.121,0
15,2015,204,20000,413.9,659.48,646.637,0
16,2016,0,100,354,354,139.049,0.11
16,2016,2,296,405.8,405.8,230.27,0.16
16,2016,4,492,405.8,452.199,315.774,0.08
16,2016,6,688,405.8,470.784,376.861,0.08
16,2016,8,884,423.9,526.815,423.836,0.03
16,2016,10,1080,423.9,535.975,448.003,0.01
16,2016,12,1276,423.9,569.622,479.072,0
16,2016,14,1472,423.9,620.044,514.088,0
16,2016,16,1668,423.9,626.92,522.374,0
16,2016,18,1864,423.9,645.806,549.626,0
16,2016,20,2060,423.9,648.955,566.268,0
16,2016,22,2256,423.9,648.955,585.74,0
16,2016,24,2452,423.9,648.955,598.43,0
16,2016,26,2648,423.9,648.955,600.217,0
16,2016,28,2844,423.9,648.955,606.355,0
16,2016,30,3040,423.9,648.955,606.187,0
16,2016,32,3236,423.9,648.955,594.848,0
16,2016,34,3432,423.9,648.955,604.14,0
16,2016,36,3628,423.9,648.955,607.408,0
16,2016,38,3824,423.9,648.955,605.762,0
16,2016,40,4020,423.9,648.955,615.595,0
16,2016,42,4216,423.9,648.955,610.858,0
16,2016,44,4412,423.9,648.955,603.978,0
16,2016,46,4608,423.9,648.955,610.434,0
16,2016,48,4804,423.9,648.955,609.071,0
16,2016,50,5000,423.9,648.955,613.08,0
16,2016,52,5196,423.9,648.955,606.217,0
16,2016,54,5392,423.9,648.955,609.638,0
16,2016,56,5588,423.9,648.955,608.323,0
16,2016,58,5784,423.9,648.955,613.521,0
16,2016,60,5980,423.9,648.955,608.019,0
16,2016,62,6176,423.9,648.955,604.458,0
16,2016,64,6372,423.9,648.955,600.587,0
16,2016,66,6568,423.9,648.955,608.293,0
16,2016,68,6764,423.9,648.955,615.62,0
16,2016,70,6960,423.9,648.955,611.946,0
16,2016,72,7156,423.9,648.955,608,0
16,2016,74,7352,423.9,648.955,602.738,0
16,2016,76,7548,423.9,648.955,600.75,0
16,2016,78,7744,423.9,648.955,605.106,0
16,2016,80,7940,423.9,648.955,603.492,0
16,2016,82,8136,423.9,648.955,603.608,0
16,2016,84,8332,423.9,648.955,615.498,0
16,2016,86,8528,423.9,648.955,605.489,0
16,2016,88,8724,423.9,648.955,608.091,0
16,2016,90,8920,423.9,648.955,607.406,0
16,2016,92,9116,423.9,648.955,610.088,0
16,2016,94,9312,423.9,648.955,611.346,0
16,2016,96,9508,423.9,648.955,604.073,0
16,2016,98,9704,423.9,648.955,602.073,0
16,2016,100,9900,423.9,648.955,601.605,0
16,2016,102,10096,423.9,648.955,601.498,0
16,2016,104,10292,423.9,648.955,607.3,0
16,2016,106,10488,423.9,648.955,611.081,0
16,2016,108,10684,423.9,648.955,612.812,0
16,2016,110,10880,423.9,648.955,614.691,0
16,2016,112,11076,423.9,648.955,603.137,0
16,2016,114,11272,423.9,648.955,608.197,0
16,2016,116,11468,423.9,648.955,615.647,0
16,2016,118,11664,423.9,648.955,607.1,0
16,2016,120,11860,423.9,648.955,607.576,0
16,2016,122,12056,423.9,648.955,608.245,0
16,2016,124,12252,423.9,648.955,619.534,0
16,2016,126,12448,423.9,648.955,613.838,0
16,2016,128,12644,423.9,648.955,617.011,0
16,2016,130,12840,423.9,648.955,612.998,0
16,2016,132,13036,423.9,648.955,607.374,0
16,2016,134,13232,423.9,648.955,606.107,0
16,2016,136,13428,423.9,648.955,611.173,0
16,2016,138,13624,423.9,648.955,609.944,0
16,2016,140,13820,423.9,648.955,610.462,0
16,2016,142,14016,423.9,648.955,610.948,0
16,2016,144,14212,423.9,648.955,604.237,0
16,2016,146,14408,423.9,648.955,606.534,0
16,2016,148,14604,423.9,648.955,606.711,0
16,2016,150,14800,423.9,648.955,611.162,0
16,2016,152,14996,423.9,648.955,618.012,0
16,2016,154,15192,423.9,648.955,611.213,0
16,2016,156,15388,423.9,648.955,608.502,0
16,2016,158,15584,423.9,648.955,613.662,0
16,2016,160,15780,423.9,648.955,603.872,0
16,2016,162,15976,423.9,648.955,611.392,0
16,2016,164,16172,423.9,648.955,611.384,0
16,2016,166,16368,423.9,648.955,617.191,0
16,2016,168,16564,423.9,648.955,613.337,0
16,2016,170,16760,423.9,648.955,609.312,0
16,2016,172,16956,423.9,659.48,609.638,0
16,2016,174,17152,423.9,659.48,600.103,0
16,2016,176,17348,423.9,659.48,603.382,0
16,2016,178,17544,423.9,659.48,596.769,0
16,2016,180,17740,423.9,659.48,590.57,0
16,2016,182,17936,423.9,659.48,595.216,0
16,2016,184,18132,423.9,659.48,596.67,0
16,2016,186,18328,423.9,659.48,609.795,0
16,2016,188,18524,423.9,659.48,617.959,0
16,2016,190,18720,423.9,659.48,626.389,0
16,2016,192,18916,423.9,659.48,613.403,0
16,2016,194,19112,423.9,659.48,613.967,0
16,2016,196,19308,423.9,659.48,619.498,0
16,2016,198,19504,423.9,659.48,623.299,0
16,2016,200,19700,423.9,659.48,619.355,0
16,2016,202,19896,423.9,659.48,605.193,0
16,2016,204,20000,423.9,659.48,605.037,0
17,2017,0,100,286.1,289.418,113.527,0.07
17,2017,2,296,297.9,387.855,222.895,0.1
17,2017,4,492,352.8,442.445,316.965,0.06
17,2017,6,688,373.2,473.892,364.299,0.03
17,2017,8,884,373.2,504.288,415.038,0.02
17,2017,10,1080,373.2,547.067,444.591,0
17,2017,12,1276,373.2,563.855,478.845,0
17,2017,14,1472,373.2,609.31,504.541,0
17,2017,16,1668,373.2,623.297,531.933,0
17,2017,18,1864,373.2,637.729,555.791,0
17,2017,20,2060,373.2,644.695,566.835,0
17,2017,22,2256,373.2,656.331,578.568,0
17,2017,24,2452,373.2,659.48,593.571,0
17,2017,26,2648,373.2,659.48,609.002,0
17,2017,28,2844,373.2,659.48,608.172,0
17,2017,30,3040,373.2,659.48,614.923,0
17,2017,32,3236,373.2,659.48,611.918,0
17,2017,34,3432,373.2,659.48,608.388,0
17,2017,36,3628,373.2,659.48,608.261,0
17,2017,38,3824,373.2,659.48,614.881,0
17,2017,40,4020,373.2,659.48,614.085,0
17,2017,42,4216,373.2,659.48,625.735,0
17,2017,44,4412,373.2,659.48,615.851,0
17,2017,46,4608,373.2,659.48,617.539,0
17,2017,48,4804,373.2,659.48,626.223,0
17,2017,50,5000,373.2,659.48,622.104,0
17,2017,52,5196,373.2,659.48,627.628,0
17,2017,54,5392,373.2,659.48,621.687,0
17,2017,56,5588,373.2,659.48,615.967,0
17,2017,58,5784,373.2,659.48,612.313,0
17,2017,60,5980,373.2,659.48,607.045,0
17,2017,62,6176,373.2,659.48,614.528,0
17,2017,64,6372,373.2,659.48,619.359,0
17,2017,66,6568,373.2,659.48,614.079,0
17,2017,68,6764,373.2,659.48,612.397,0
17,2017,70,6960,373.2,659.48,624.319,0
17,2017,72,7156,373.2,659.48,616.21,0
17,2017,74,7352,373.2,659.48,622.363,0
17,2017,76,7548,373.2,659.48,607.497,0
17,2017,78,7744,373.2,659.48,608.638,0
17,2017,80,7940,373.2,659.48,617.056,0
17,2017,82,8136,373.2,659.48,609.777,0
17,2017,84,8332,373.2,659.48,624.071,0
17,2017,86,8528,373.2,659.48,612.642,0
17,2017,88,8724,373.2,659.48,622.095,0
17,2017,90,8920,373.2,659.48,620.508,0
17,2017,92,9116,373.2,659.48,620.393,0
17,2017,94,9312,373.2,659.48,614.875,0
17,2017,96,9508,373.2,659.48,620.924,0
17,2017,98,9704,373.2,659.48,625.156,0
17,2017,100,9900,373.2,659.48,625.704,0
17,2017,102,10096,373.2,659.48,626.002,0
17,2017,104,10292,373.2,659.48,616.953,0
17,2017,106,10488,373.2,659.48,626.272,0
17,2017,108,10684,373.2,659.48,619.135,0
17,2017,110,10880,373.2,659.48,618.247,0
17,2017,112,11076,373.2,659.48,622.964,0
17,2017,114,11272,373.2,659.48,625.103,0
17,2017,116,11468,373.2,659.48,614.669,0
17,2017,118,11664,373.2,659.48,613.404,0
17,2017,120,11860,373.2,659.48,619.719,0
17,2017,122,12056,373.2,659.48,612.452,0
17,2017,124,12252,373.2,659.48,614.086,0
17,2017,126,12448,373.2,659.48,622.036,0
17,2017,128,12644,373.2,659.48,615.474,0
17,2017,130,12840,373.2,659.48,618.236,0
17,2017,132,13036,373.2,659.48,616.812,0
17,2017,134,13232,373.2,659.48,617.342,0
17,2017,136,13428,373.2,659.48,613.299,0
17,2017,138,13624,373.2,659.48,618.301,0
17,2017,140,13820,373.2,659.48,613.052,0
17,2017,142,14016,373.2,659.48,616.904,0
17,2017,144,14212,373.2,659.48,611.587,0
17,2017,146,14408,373.2,659.48,613.436,0
17,2017,148,14604,373.2,659.48,615.127,0
17,2017,150,14800,373.2,659.48,617.809,0
17,2017,152,14996,373.2,659.48,614.51,0
17,2017,154,15192,373.2,659.48,621.572,0
17,2017,156,15388,373.2,659.48,619.098,0
17,2017,158,15584,373.2,659.48,612.62,0
17,2017,160,15780,373.2,659.48,624.672,0
17,2017,162,15976,373.2,659.48,617.584,0
17,2017,164,16172,373.2,659.48,619.903,0
17,2017,166,16368,373.2,659.48,623.921,0
17,2017,168,16564,373.2,659.48,623.437,0
17,2017,170,16760,373.2,659.48,616.022,0
17,2017,172,16956,373.2,659.48,613.324,0
17,2017,174,17152,373.2,659.48,615.64,0
17,2017,176,17348,373.2,659.48,618.95,0
17,2017,178,17544,373.2,659.48,616.917,0
17,2017,180,17740,373.2,659.48,617.424,0
17,2017,182,17936,373.2,659.48,608.923,0
17,2017,184,18132,373.2,659.48,613.58,0
17,2017,186,18328,373.2,659.48,606.162,0
17,2017,188,18524,373.2,659.48,618.222,0
17,2017,190,18720,373.2,659.48,618.191,0
17,2017,192,18916,373.2,659.48,618.761,0
17,2017,194,19112,373.2,659.48,615.093,0
17,2017,196,19308,373.2,659.48,616.648,0
17,2017,198,19504,373.2,659.48,620.63,0
17,2017,200,19700,373.2,659.48,627.355,0
17,2017,202,19896,373.2,659.48,621.403,0
17,2017,204,20000,373.2,659.48,638.589,0
18,2018,0,100,234.5,325.693,127.931,0.09
18,2018,2,296,371.8,384.535,250.72,0.13
18,2018,4,492,395.9,403.748,302.589,0.1
18,2018,6,688,409,518.925,363.649,0.09
18,2018,8,884,420.1,553.342,418.161,0.06
18,2018,10,1080,447.2,594.925,475.026,0.02
18,2018,12,1276,447.2,635.94,525.325,0
18,2018,14,1472,447.2,638.126,547.667,0
18,2018,16,1668,447.2,647.758,567.061,0
18,2018,18,1864,447.2,647.758,578.8,0
18,2018,20,2060,447.2,654.145,591.941,0
18,2018,22,2256,447.2,657.294,601.617,0
18,2018,24,2452,447.2,659.48,606.188,0
18,2018,26,2648,447.2,659.48,609.645,0
18,2018,28,2844,447.2,659.48,610.408,0
18,2018,30,3040,447.2,659.48,619.528,0
18,2018,32,3236,447.2,659.48,621.313,0
18,2018,34,3432,447.2,659.48,610.97,0
18,2018,36,3628,447.2,659.48,608.8,0
18,2018,38,3824,447.2,659.48,619.461,0
18,2018,40,4020,447.2,659.48,625.383,0
18,2018,42,4216,447.2,659.48,619.095,0
18,2018,44,4412,447.2,659.48,615.868,0
18,2018,46,4608,447.2,659.48,615.143,0
18,2018,48,4804,447.2,659.48,617.393,0
18,2018,50,5000,447.2,659.48,609.074,0
18,2018,52,5196,447.2,659.48,608.455,0
18,2018,54,5392,447.2,659.48,619.101,0
18,2018,56,5588,447.2,659.48,614.558,0
18,2018,58,5784,447.2,659.48,619.759,0
18,2018,60,5980,447.2,659.48,629.558,0
18,2018,62,6176,447.2,659.48,619.727,0
18,2018,64,6372,447.2,659.48,624,0
18,2018,66,6568,447.2,659.48,616.357,0
18,2018,68,6764,447.2,659.48,616.029,0
18,2018,70,6960,447.2,659.48,621.547,0
18,2018,72,7156,447.2,659.48,616.871,0
18,2018,74,7352,447.2,659.48,623.838,0
18,2018,76,7548,447.2,659.48,627.066,0
18,2018,78,7744,447.2,659.48,619.979,0
18,2018,80,7940,447.2,659.48,620.594,0
18,2018,82,8136,447.2,659.48,617.533,0
18,2018,84,8332,447.2,659.48,615.509,0
18,2018,86,8528,447.2,659.48,618.759,0
18,2018,88,8724,447.2,659.48,620.803,0
18,2018,90,8920,447.2,659.48,619.289,0
18,2018,92,9116,447.2,659.48,624.609,0
18,2018,94,9312,447.2,659.48,620.28,0
18,2018,96,9508,447.2,659.48,619.054,0
18,2018,98,9704,447.2,659.48,615.41,0
18,2018,100,9900,447.2,659.48,617.878,0
18,2018,102,10096,447.2,659.48,614.964,0
18,2018,104,10292,447.2,659.48,617.382,0
18,2018,106,10488,447.2,659.48,617.977,0
18,2018,108,10684,447.2,659.48,620.501,0
18,2018,110,10880,447.2,659.48,618.533,0
18,2018,112,11076,447.2,659.48,611.996,0
18,2018,114,11272,447.2,659.48,618.328,0
18,2018,116,11468,447.2,659.48,618.536,0
18,2018,118,11664,447.2,659.48,615.123,0
18,2018,120,11860,447.2,659.48,616.186,0
18,2018,122,12056,447.2,659.48,621.349,0
18,2018,124,12252,447.2,659.48,628.538,0
18,2018,126,12448,447.2,659.48,622.703,0
18,2018,128,12644,447.2,659.48,617.8,0
18,2018,130,12840,447.2,659.48,613.899,0
18,2018,132,13036,447.2,659.48,608.696,0
18,2018,134,13232,447.2,659.48,617.681,0
18,2018,136,13428,447.2,659.48,618.506,0
18,2018,138,13624,447.2,659.48,612.816,0
18,2018,140,13820,447.2,659.48,614.674,0
18,2018,142,14016,447.2,659.48,610.081,0
18,2018,144,14212,447.2,659.48,615.319,0
18,2018,146,14408,447.2,659.48,615.396,0
18,2018,148,14604,447.2,659.48,620.108,0
18,2018,150,14800,447.2,659.48,614.91,0
18,2018,152,14996,447.2,659.48,618.912,0
18,2018,154,15192,447.2,659.48,620.536,0
18,2018,156,15388,447.2,659.48,612.301,0
18,2018,158,15584,447.2,659.48,617.792,0
18,2018,160,15780,447.2,659.48,612.177,0
18,2018,162,15976,447.2,659.48,616.653,0
18,2018,164,16172,447.2,659.48,622.627,0
18,2018,166,16368,447.2,659.48,610.025,0
18,2018,168,16564,447.2,659.48,612.11,0
18,2018,170,16760,447.2,659.48,619.135,0
18,2018,172,16956,447.2,659.48,621.842,0
18,2018,174,17152,447.2,659.48,618.18,0
18,2018,176,17348,447.2,659.48,613.787,0
18,2018,178,17544,447.2,659.48,619.919,0
18,2018,180,17740,447.2,659.48,617.967,0
18,2018,182,17936,447.2,659.48,623.327,0
18,2018,184,18132,447.2,659.48,615.188,0
18,2018,186,18328,447.2,659.48,608.498,0
18,2018,188,18524,447.2,659.48,615.117,0
18,2018,190,18720,447.2,659.48,615.483,0
18,2018,192,18916,447.2,659.48,616.029,0
18,2018,194,19112,447.2,659.48,618.772,0
18,2018,196,19308,447.2,659.48,618.986,0
18,2018,198,19504,447.2,659.48,622.305,0
18,2018,200,19700,447.2,659.48,614.133,0
18,2018,202,19896,447.2,659.48,614.484,0
18,2018,204,20000,447.2,659.48,624.262,0
19,2019,0,100,334.3,334.3,126.92,0.12
19,2019,2,296,396.7,410.861,231.913,0.13
19,2019,4,492,396.7,471.078,309.697,0.04
19,2019,6,688,396.7,537.33,375.345,0.03
19,2019,8,884,396.7,571.577,459.054,0
19,2019,10,1080,396.7,585.982,489.445,0.01
19,2019,12,1276,396.7,607.426,520.945,0
19,2019,14,1472,396.7,644.609,542.447,0
19,2019,16,1668,396.7,654.145,568.454,0
19,2019,18,1864,396.7,654.145,596.123,0
19,2019,20,2060,396.7,657.294,599.96,0
19,2019,22,2256,396.7,657.294,602.98,0
19,2019,24,2452,396.7,659.48,602.265,0
19,2019,26,2648,396.7,659.48,609.789,0
19,2019,28,2844,396.7,659.48,617.861,0
19,2019,30,3040,396.7,659.48,621.389,0
19,2019,32,3236,396.7,659.48,615.925,0
19,2019,34,3432,396.7,659.48,615.819,0
19,2019,36,3628,396.7,659.48,622.005,0
19,2019,38,3824,396.7,659.48,614.506,0
19,2019,40,4020,396.7,659.48,611.29,0
19,2019,42,4216,396.7,659.48,617.272,0
19,2019,44,4412,396.7,659.48,621.851,0
19,2019,46,4608,396.7,659.48,619.273,0
19,2019,48,4804,396.7,659.48,614.756,0
19,2019,50,5000,396.7,659.48,624.916,0
19,2019,52,5196,396.7,659.48,620.887,0
19,2019,54,5392,396.7,659.48,616.585,0
19,2019,56,5588,396.7,659.48,611.447,0
19,2019,58,5784,396.7,659.48,624.603,0
19,2019,60,5980,396.7,659.48,616.158,0
19,2019,62,6176,396.7,659.48,627.176,0
19,2019,64,6372,396.7,659.48,615.289,0
19,2019,66,6568,396.7,659.48,617.363,0
19,2019,68,6764,396.7,659.48,623.549,0
19,2019,70,6960,396.7,659.48,621.993,0
19,2019,72,7156,396.7,659.48,622.157,0
19,2019,74,7352,396.7,659.48,622.664,0
19,2019,76,7548,396.7,659.48,623.037,0
19,2019,78,7744,396.7,659.48,621.732,0
19,2019,80,7940,396.7,659.48,621.362,0
19,2019,82,8136,396.7,659.48,620.743,0
19,2019,84,8332,396.7,659.48,620.123,0
19,2019,86,8528,396.7,659.48,622.02,0
19,2019,88,8724,396.7,659.48,620.538,0
19,2019,90,8920,396.7,659.48,632.493,0
19,2019,92,9116,396.7,659.48,625.347,0
19,2019,94,9312,396.7,659.48,618.118,0
19,2019,96,9508,396.7,659.48,615.866,0
19,2019,98,9704,396.7,659.48,612.916,0
19,2019,100,9900,396.7,659.48,615.721,0
19,2019,102,10096,396.7,659.48,620.801,0
19,2019,104,10292,396.7,659.48,620.691,0
19,2019,106,10488,396.7,659.48,624.246,0
19,2019,108,10684,396.7,659.48,619.915,0
19,2019,110,10880,396.7,659.48,620.156,0
19,2019,112,11076,396.7,659.48,611.351,0
19,2019,114,11272,396.7,659.48,609.1,0
19,2019,116,11468,396.7,659.48,604.417,0
19,2019,118,11664,396.7,659.48,615.855,0
19,2019,120,11860,396.7,659.48,620.127,0
19,2019,122,12056,396.7,659.48,619.476,0
19,2019,124,12252,396.7,659.48,611.583,0
19,2019,126,12448,396.7,659.48,620.133,0
19,2019,128,12644,396.7,659.48,621.389,0
19,2019,130,12840,396.7,659.48,616.901,0
19,2019,132,13036,396.7,659.48,626.01,0
19,2019,134,13232,396.7,659.48,613.825,0
19,2019,136,13428,396.7,659.48,617.642,0
19,2019,138,13624,396.7,659.48,619.742,0
19,2019,140,13820,396.7,659.48,616.194,0
19,2019,142,14016,396.7,659.48,622.154,0
19,2019,144,14212,396.7,659.48,619.307,0
19,2019,146,14408,396.7,659.48,619.749,0
19,2019,148,14604,396.7,659.48,622.459,0
19,2019,150,14800,396.7,659.48,615.318,0
19,2019,152,14996,396.7,659.48,614.701,0
19,2019,154,15192,396.7,659.48,612.503,0
19,2019,156,15388,396.7,659.48,619.912,0
19,2019,158,15584,396.7,659.48,619.68,0
19,2019,160,15780,396.7,659.48,622.961,0
19,2019,162,15976,396.7,659.48,619.514,0
19,2019,164,16172,396.7,659.48,625.603,0
19,2019,166,16368,396.7,659.48,619.942,0
19,2019,168,16564,396.7,659.48,617.417,0
19,2019,170,16760,396.7,659.48,612.758,0
19,2019,172,16956,396.7,659.48,617.831,0
19,2019,174,17152,396.7,659.48,614.817,0
19,2019,176,17348,396.7,659.48,612.594,0
19,2019,178,17544,396.7,659.48,619.067,0
19,2019,180,17740,396.7,659.48,619.19,0
19,2019,182,17936,396.7,659.48,630.154,0
19,2019,184,18132,396.7,659.48,620.467,0
19,2019,186,18328,396.7,659.48,620.938,0
19,2019,188,18524,396.7,659.48,618.946,0
19,2019,190,18720,396.7,659.48,621.391,0
19,2019,192,18916,396.7,659.48,610.847,0
19,2019,194,19112,396.7,659.48,614.045,0
19,2019,196,19308,396.7,659.48,616.261,0
19,2019,198,19504,396.7,659.48,619.532,0
19,2019,200,19700,396.7,659.48,619.058,0
19,2019,202,19896,396.7,659.48,620.099,0
19,2019,204,20000,396.7,659.48,634.169,0
