x0,x1,y,split
-3.21065,1.39913,1.77678,train
-0.327316,-1.29499,0.74068,train
-1.45083,2.90518,1.8155,train
4.05144,-3.22647,1.98106,val
1.52785,-2.01697,1.82619,train
4.66962,4.1985,1.97174,train
1.35871,2.52732,1.71862,train
0.151537,3.25895,1.02669,train
-0.516195,-1.61188,0.926717,train
-2.22101,-2.73667,1.9782,val
0.258168,-0.690879,0.211781,train
1.63181,-4.8716,1.84097,train
-0.522981,-1.34819,0.822141,val
-3.04602,0.948659,1.43723,train
-0.646868,-2.00008,1.08473,train
-2.90584,3.74624,1.98862,test
2.97462,1.0671,1.53679,test
-1.54899,4.4682,1.8474,train
0.633774,-0.672373,0.33344,test
4.0045,-1.80658,1.94334,train
1.95995,-1.8618,1.84012,train
-2.38447,2.00841,1.90634,train
-2.72108,-0.0688968,0.978967,test
0.800285,-3.11094,1.24686,train
2.31241,0.484831,1.04181,val
1.21503,-1.27856,1.42717,val
-0.798067,-0.0517032,0.301516,test
-0.300291,1.75639,0.910246,train
0.771775,-0.837294,0.61297,test
-4.98198,2.94031,2.00905,train
0.193842,-1.73455,0.930675,test
-0.000449776,-4.06554,0.992138,train
4.04704,4.89736,2.00321,train
-4.41265,-1.41769,1.7893,test
2.30065,-1.85762,1.88006,train
0.670498,-0.83429,0.518812,train
2.74212,4.58464,1.98169,train
3.88395,1.20935,1.67325,test
-3.39726,4.47062,2.005,test
-4.76368,-2.02291,1.9582,test
-2.18387,1.71826,1.83628,test
-0.126369,-4.07111,0.980577,test
-4.87142,1.04316,1.55803,train
-0.0851667,1.01382,0.526812,test
0.640239,3.90459,1.13437,test
4.18397,-3.11743,2.0159,train
4.42121,2.87727,1.98055,train
1.39026,1.59607,1.60746,train
0.460602,4.17263,1.02006,train
-2.66737,0.99316,1.43722,train
3.14243,-3.65239,2.01265,train
1.15508,-0.971665,1.12411,train
2.66036,-4.32286,1.98051,train
1.06814,3.57079,1.502,test
1.28348,-1.78662,1.60474,train
1.55796,-1.61847,1.72396,train
1.68593,-3.71656,1.84053,test
-2.20008,-4.67282,1.98031,test
-4.16091,0.547696,1.07668,train
-2.68302,0.160826,0.97819,test
1.5957,3.81186,1.86008,test
-1.44939,-1.81321,1.70704,train
-1.86333,-3.8215,1.89288,train
1.63183,3.19655,1.81987,test
-0.269951,0.582974,0.109408,val
4.5848,1.98915,1.94777,val
2.45035,3.89498,1.9628,train
-2.84209,1.50166,1.81356,test
2.17395,3.42228,1.92661,test
-1.56214,1.88795,1.78946,train
1.04401,-0.90639,0.885172,train
-3.98314,-1.46952,1.7921,train
4.63485,-2.83476,1.96627,val
-3.86362,-1.32321,1.73696,test
-3.99019,-2.32801,1.96855,train
4.14456,-1.81218,1.907,val
0.858895,-2.61255,1.33525,test
1.6798,-3.72344,1.91412,test
2.89809,-0.77054,1.28066,train
-3.1634,2.5825,1.98417,train
0.542825,-0.61855,0.238523,test
-2.59374,2.81366,2.00554,train
-1.34715,-4.56909,1.77398,train
4.65369,-4.69535,1.96117,train
-3.79531,-0.341875,1.03359,train
-2.92145,-1.64865,1.84258,train
0.675652,4.57842,1.21633,train
4.36312,-4.26104,2.03697,train
3.53314,-3.32176,1.97263,val
3.11433,-2.03653,1.90729,train
2.17834,2.18793,1.8986,train
3.50551,4.79626,1.98992,train
-2.24519,1.28308,1.72437,train
2.39261,-4.20371,1.93658,train
1.62961,-1.78484,1.80797,val
-3.38531,0.494716,0.99767,train
-0.381164,0.770798,0.311645,train
1.41918,-0.0133114,0.800697,train
4.05151,-3.22086,1.99205,val
-2.11208,-1.43778,1.75989,val
2.74382,1.52098,1.84841,test
-2.93577,2.44442,1.96867,train
2.71537,2.70241,2.00536,val
-4.21627,-2.87861,1.93847,test
3.95385,3.79432,1.96869,train
-2.94427,0.513757,1.01864,train
-2.37317,-0.837152,1.3166,train
-4.79055,-2.1824,1.91406,test
-2.29319,4.1913,2.02211,test
0.879702,-3.22484,1.36768,train
-0.724355,-0.0706384,0.246175,train
1.3736,0.324478,0.767716,train
-0.790073,-1.89207,1.21288,train
0.749995,4.75832,1.25387,val
0.52987,3.87012,1.05113,train
-4.84728,-2.96903,1.97984,train
3.64768,0.694729,1.22191,train
-0.124419,-1.31196,0.779265,train
-2.04734,1.7883,1.87143,test
-1.34265,-0.647653,0.963162,train
2.76848,4.46183,1.93253,train
4.93657,-0.150848,1.00605,val
-3.61831,-4.75076,1.98279,train
-0.0534329,-4.23645,1.03219,train
-3.82287,-2.65161,2.00302,train
4.91993,-3.37771,2.01965,train
-3.89868,4.15924,1.97757,train
1.2207,2.39901,1.67409,train
-1.45267,4.33833,1.84057,train
4.76101,0.584557,1.13476,val
4.8684,0.0579435,0.975277,train
-0.602597,2.85434,1.08472,train
1.44248,-2.9947,1.80616,train
0.149393,-4.83541,1.03324,test
3.7566,0.424459,1.04181,train
-4.53813,4.37759,2.02903,train
4.99436,2.37305,1.91944,train
-0.686765,0.914193,0.586476,val
-4.89768,-3.91551,2.00639,train
-1.69001,-0.887313,1.28015,val
2.55949,-3.2927,1.92192,test
-3.83895,1.97464,1.96098,train
3.88032,3.79667,1.99938,train
2.41916,4.83567,1.95825,train
0.220921,2.74469,1.01474,val
-0.828226,-1.46744,1.09973,train
4.10822,-0.69293,1.17118,train
2.46471,-0.0297738,0.995525,val
-3.87787,-3.73124,1.99978,test
0.101226,2.07678,0.943522,val
2.42484,-1.64303,1.84741,val
-4.90789,0.333564,1.00472,train
-3.10433,-1.7988,1.92365,test
0.664491,-1.08167,0.733482,train
-0.409984,-4.49541,1.04183,val
-3.16985,3.41896,1.93121,train
0.118814,3.85118,1.02614,train
3.57301,-3.0683,2.04325,train
-1.00403,0.257783,0.520802,train
-4.02485,-4.14644,1.99069,train
3.41487,3.26714,1.97074,train
-1.16711,2.06585,1.61508,train
0.179331,2.47654,0.959026,val
-1.84815,-0.259638,0.905288,train
3.92956,3.16644,1.93322,test
-1.90036,3.81771,1.93011,train
-1.01281,1.8238,1.42263,train
2.11511,-0.98315,1.42958,train
3.27094,-0.346483,1.00549,train
4.60689,4.36699,1.97749,val
4.00265,4.08353,1.99718,train
-3.52953,1.48334,1.79564,train
2.41115,0.287592,0.975198,test
0.29221,-2.98569,0.987837,train
-3.39213,2.83134,1.93485,test
-3.50394,2.28197,1.92781,train
-4.22932,-0.877479,1.3544,train
-4.75989,1.60373,1.8528,train
-2.07084,-0.322999,0.965618,train
-2.13551,0.157744,0.944706,test
1.57647,-3.33087,1.85133,train
2.77049,2.82515,1.95772,train
4.42166,-1.19305,1.60273,train
3.73131,-4.06315,1.98815,test
4.93906,-2.87793,1.96308,train
-1.26151,-4.06497,1.70931,train
3.35142,-0.14067,0.973543,val
4.62401,-3.55384,2.00784,train
3.91822,-1.40454,1.79021,test
-2.63709,1.57123,1.85635,val
-4.69812,0.254697,1.02151,train
-0.263948,-4.51495,0.988388,train
-0.658178,-1.95081,1.11362,train
-2.51352,4.30294,1.97832,test
0.982968,-3.45842,1.44967,train
2.57132,-1.30433,1.71798,train
0.988507,-1.20065,1.1659,train
1.38546,1.81937,1.73436,val
-2.16466,3.31058,1.93954,train
1.18131,1.05269,1.25081,test
-2.81994,-2.46037,1.97695,train
-1.04623,-4.66127,1.49056,test
-4.45269,1.62682,1.84687,test
-1.83521,2.20244,1.89275,val
-4.25174,2.40131,1.93169,val
-2.85821,3.69552,1.9917,val
4.06532,1.89313,1.95839,test
-1.05713,-4.74352,1.54672,test
2.61113,0.628176,1.14856,test
-4.17709,0.707372,1.22977,val
-4.93844,-0.486234,1.04986,train
1.13257,3.02659,1.60937,val
-2.09394,-2.67954,1.93602,train
-1.68906,-4.40805,1.89896,val
4.31499,3.80635,1.95379,test
1.02136,-4.25413,1.51449,val
-4.16372,4.32082,1.95236,val
-3.75,-3.54331,1.98011,train
2.8547,-1.98469,1.91918,val
-0.884458,-0.899766,0.730515,train
2.00066,-0.276677,0.915764,train
3.12205,-0.0406086,0.979722,test
-2.0954,-3.05423,1.99286,test
2.55013,-2.80492,1.92664,val
1.08908,1.01404,1.10154,val
4.63248,-4.10379,1.97218,train
-2.9248,1.61553,1.84921,train
-1.69101,-3.71417,1.91022,train
3.95369,2.31476,1.96996,train
-2.77448,-4.0479,1.99024,train
3.42412,0.69962,1.19816,val
4.29579,0.171815,1.0122,train
-2.69122,-3.66438,1.92221,val
-0.820871,1.84017,1.24162,val
-4.957,-1.04648,1.54155,val
-0.961715,1.71011,1.36621,test
-3.05038,3.76071,2.00433,val
-1.74912,3.26808,1.90509,test
3.27623,3.8488,2.00397,val
-2.41171,3.39866,1.93482,train
-2.69493,-1.00557,1.49805,train
-3.22317,-0.158691,0.988746,val
-4.24806,4.56842,1.9925,train
-4.87003,-0.0340386,1.03045,test
3.38095,-3.67485,1.97484,train
0.971018,0.310825,0.463352,train
2.57537,1.98595,1.88482,train
3.25013,2.93284,1.97046,val
0.828599,-1.50036,1.18209,train
-3.92572,-3.36182,1.94671,test
3.71208,-2.33499,1.96844,val
3.94031,-1.93914,1.86705,train
-4.42743,-2.10003,1.9314,train
-1.15349,-3.9632,1.64584,train
-0.702387,2.97943,1.16987,train
-0.861801,-0.0626585,0.325734,val
4.98773,-2.8468,1.97426,train
0.439147,4.87756,1.0586,train
-0.0427557,0.914193,0.448212,train
0.467064,-3.84731,1.07836,train
2.16136,4.12074,1.96964,train
4.26576,0.866688,1.36663,train
-1.47489,1.7551,1.75463,train
4.44617,4.78136,1.96688,test
-2.17045,4.35687,1.9301,val
2.30289,3.71837,1.99247,train
-3.32519,4.76247,2.01117,train
2.53518,-3.33483,1.99003,train
0.401208,-3.88467,1.02638,val
2.24588,0.951806,1.3925,train
0.782871,3.47229,1.23946,val
2.69729,-4.08285,2.00112,test
2.62139,0.414657,1.03481,val
-3.11219,-1.52821,1.80675,train
0.0919408,3.58846,0.975751,val
3.81903,-3.97898,1.9888,train
-0.578455,3.43529,1.11524,test
1.02364,3.55162,1.50866,val
0.972601,-2.76964,1.43442,train
0.0285257,0.151548,0.0250218,train
3.94078,-1.44248,1.82304,train
-2.6501,2.48858,1.93751,train
-0.804191,-0.156493,0.279166,train
4.76586,1.74645,1.92851,train
1.71849,4.33888,1.86258,train
2.16295,4.54772,1.94672,test
1.33303,0.874149,1.13926,train
-2.15774,-2.69204,1.94129,train
0.315024,-4.40944,1.03015,val
-3.31712,2.08369,1.89903,test
1.79011,-4.71657,1.90968,train
-3.36835,1.17824,1.65814,test
-0.923458,0.889659,0.814472,train
-3.71298,3.62486,2.0033,train
-2.41065,-1.25596,1.65565,train
-0.5063,0.928293,0.523607,train
4.80519,-2.90571,1.99555,train
-3.37615,-3.54663,1.99997,test
2.74733,-1.17544,1.62469,train
4.26967,-4.33441,1.99865,train
0.315564,2.57236,1.02046,val
0.0708544,-0.934011,0.431803,train
3.11516,0.091039,0.994403,train
4.06537,-2.61397,1.98323,train
0.984557,1.34479,1.20981,test
4.07131,-4.06744,1.98846,train
3.0572,1.8349,1.92479,train
3.60609,1.08859,1.56609,train
-0.462273,2.96326,1.02982,train
-2.15816,-4.44582,1.95257,train
2.49965,3.12374,1.92548,train
3.28679,-0.52311,1.0811,val
2.32674,2.13643,1.88765,train
-2.11451,2.65539,1.94312,test
4.64191,-1.47896,1.82166,train
-2.26554,0.838584,1.28587,train
3.7781,1.08292,1.57576,test
4.70048,4.22614,2.01351,train
2.1072,2.06894,1.92013,train
-3.21946,-1.58951,1.84467,train
3.10146,-0.995437,1.48066,train
-2.71943,-4.36877,1.95801,test
-2.76954,0.77113,1.2083,val
4.24137,-1.08479,1.60116,test
2.89535,-3.71205,1.95354,train
3.22736,4.27533,1.96966,val
0.0256061,-0.45225,0.0495551,train
4.0811,-2.72181,1.94512,train
4.20627,4.175,2.00543,train
4.57546,3.91127,1.97256,val
0.257346,1.81767,0.892284,test
0.329965,-1.98253,0.936529,test
4.9064,-4.75029,1.97523,train
-2.48472,4.28645,1.97733,test
4.52309,-2.21185,1.99265,train
4.99783,3.12644,2.00475,train
2.76859,0.718455,1.20517,train
-1.05728,-4.90759,1.5385,val
-1.34419,-1.25216,1.47039,val
-4.18512,-4.15496,1.9957,train
-2.36631,-0.0564696,0.967222,train
2.7412,0.888791,1.36993,test
0.409625,2.96597,0.984349,train
3.48001,-0.601561,1.15212,train
1.07167,4.21273,1.53164,train
-4.2019,1.08907,1.57672,val
2.76513,-0.726666,1.22071,val
2.49942,3.40037,1.94807,train
2.64344,0.368069,1.02291,val
2.2437,2.09336,1.87647,train
-1.16634,-4.78733,1.62773,test
4.49717,-0.323048,0.948905,val
-2.01493,-2.49468,1.94205,test
-1.00507,0.778803,0.743171,train
0.177565,-1.17805,0.640794,train
-4.22231,4.80758,2.01264,train
-4.84288,4.19766,2.00212,train
-4.68214,0.0542692,1.02289,test
2.85468,1.63576,1.8772,val
2.05742,-4.02508,1.96396,val
3.64052,1.49826,1.81535,train
4.41754,4.95249,1.99209,train
2.54642,3.05154,1.98216,val
4.61031,2.19323,1.97348,train
1.117,0.269556,0.636025,val
0.228324,1.39953,0.775428,train
1.24679,-4.98586,1.67697,train
-3.50744,-0.832379,1.28514,train
-2.12408,1.74517,1.84258,val
4.90665,-2.34161,1.96202,val
3.10695,-1.28636,1.69074,train
2.23794,-4.11259,1.95206,test
1.23933,0.205727,0.718173,test
3.2908,-3.81436,2.00978,val
0.217383,3.63365,0.980405,train
1.9475,-3.39248,1.94001,train
3.53362,-2.6901,1.94169,train
-4.263,-4.15118,1.9757,train
2.84252,3.40362,1.97859,val
3.80638,2.5439,1.95437,train
3.94028,4.27602,1.97202,train
0.371629,1.32259,0.777477,train
4.53438,0.141983,0.971908,train
-2.59254,4.38618,1.97682,test
-4.49323,0.833464,1.3188,train
4.29456,2.44362,1.9808,val
1.05482,-0.135629,0.57061,train
-2.27429,0.633356,1.10428,train
2.38585,0.612137,1.07926,train
2.66392,4.67116,2.00179,train
1.39418,2.07878,1.74314,val
3.49285,0.531682,1.04388,test
-2.1165,2.93494,1.94187,test
3.24831,4.79873,1.97239,train
-4.78808,0.0703099,0.933908,train
-4.3876,-0.0371447,0.9719,train
-0.225477,-2.8023,0.975581,train
4.99181,2.42835,1.95744,val
-1.13918,2.94867,1.57461,val
-2.53185,-2.15451,1.92157,train
5.94421,4.58607,1.99694,extrap
5.9203,-0.404935,1.02537,extrap
2.76185,6.17997,1.98242,extrap
3.46855,5.69808,1.99219,extrap
-4.77022,-5.78904,1.99718,extrap
-5.65763,-1.13036,1.61917,extrap
-6.24564,2.98843,1.98696,extrap
-2.70773,-5.06831,1.98022,extrap
6.40749,3.26305,1.99066,extrap
-6.6048,-4.33741,1.99666,extrap
-5.7315,-3.50616,1.9925,extrap
-5.05941,-4.33461,1.99565,extrap
-6.4066,4.37254,1.99668,extrap
3.60191,6.26908,1.99345,extrap
6.507,-2.75628,1.98241,extrap
-2.09556,-5.27991,1.94942,extrap
6.14351,-1.74598,1.90215,extrap
-4.5097,-5.77105,1.99669,extrap
3.67627,5.12452,1.99311,extrap
2.61823,6.26992,1.97852,extrap
-6.01081,1.65643,1.88198,extrap
3.80804,6.60954,1.99474,extrap
-0.891486,5.70366,1.38617,extrap
5.81714,-2.8574,1.98435,extrap
0.633272,5.51961,1.13747,extrap
-2.91477,-5.97574,1.98555,extrap
-5.95041,-4.74334,1.99723,extrap
-1.89826,5.14252,1.92706,extrap
-2.7202,6.91776,1.98163,extrap
-6.64622,0.903238,1.3991,extrap
6.69864,4.27648,1.99652,extrap
-3.24282,5.97852,1.99026,extrap
5.75577,-1.5871,1.86294,extrap
-6.44887,2.03591,1.94442,extrap
6.97573,-4.49262,1.99713,extrap
6.51098,-2.50482,1.97467,extrap
5.18253,-3.68909,1.99325,extrap
6.60138,1.34924,1.76767,extrap
-4.14928,-5.90943,1.99582,extrap
-3.21193,5.02493,1.98913,extrap
-5.50869,-4.22714,1.99579,extrap
-6.81118,-4.96831,1.9979,extrap
2.53247,-5.97468,1.97548,extrap
-2.90108,6.49305,1.98552,extrap
5.88225,-1.99054,1.93928,extrap
0.978967,5.01571,1.47718,extrap
-1.78567,6.21081,1.90978,extrap
5.56545,1.24834,1.70728,extrap
1.83185,5.27789,1.91715,extrap
4.3585,-6.37221,1.99663,extrap
-6.22315,-1.60026,1.86702,extrap
-5.49458,3.26558,1.99019,extrap
5.09434,-0.567498,1.09249,extrap
-3.07869,6.63051,1.98847,extrap
3.67588,-6.39523,1.99396,extrap
5.25578,-3.90504,1.99441,extrap
6.56495,-0.310939,1.00872,extrap
-5.77116,-4.01884,1.99528,extrap
-2.92796,-6.56995,1.98604,extrap
-3.57097,-6.71505,1.9934,extrap
-0.897258,-5.31373,1.392,extrap
-5.96265,2.36369,1.96817,extrap
4.49989,6.53641,1.99702,extrap
-6.91386,4.67091,1.99747,extrap
3.02533,-6.32684,1.98758,extrap
6.30923,2.5328,1.97565,extrap
-6.9116,1.38718,1.78692,extrap
-5.25334,4.80218,1.99681,extrap
6.23103,-1.78217,1.90915,extrap
6.41853,1.19229,1.66838,extrap
-4.02328,5.77011,1.9953,extrap
-6.17329,4.29309,1.99638,extrap
-1.90973,5.89881,1.92925,extrap
5.13993,-2.81669,1.98293,extrap
-3.06285,-5.76853,1.98786,extrap
2.85692,-5.00351,1.98362,extrap
-6.43319,3.3625,1.99165,extrap
-6.78621,-3.46332,1.99263,extrap
5.35725,-4.46517,1.99628,extrap
-4.7765,-6.77903,1.99761,extrap
-1.91975,5.49417,1.93033,extrap
-5.05293,4.93924,1.99679,extrap
-4.12138,5.63779,1.99556,extrap
5.8834,4.97073,1.99753,extrap
-6.67905,-2.05547,1.94645,extrap
-3.81988,6.1522,1.99463,extrap
5.16783,-2.51924,1.97437,extrap
5.42159,3.83897,1.99426,extrap
0.452971,6.45002,1.03982,extrap
-1.74949,-5.9839,1.90277,extrap
-6.21424,-2.86441,1.98469,extrap
-1.50135,5.28634,1.83427,extrap
6.16004,1.23193,1.69658,extrap
5.63936,-3.32909,1.99094,extrap
5.09504,-1.02553,1.52371,extrap
-2.36007,-5.74567,1.96786,extrap
-3.21124,6.18396,1.99,extrap
6.15742,-0.630176,1.13553,extrap
5.61282,-2.26887,1.96263,extrap
5.91081,0.358398,1.01541,extrap
